transaction_amt,transaction_hour,merchant_risk,velocity,is_anomaly
3.0622122853109106,10,0.3686913086612157,0.3468997494141468,0
49.94643515038202,4,0.8698170307788329,8.453126448821475,0
9.368143505136963,8,0.3664549179727916,1.1752792361076025,0
17.27975598708724,7,0.47430541254510683,1.5591050769058001,0
16.201446853403485,8,0.4421061417512122,7.566017217945738,0
7.3923373390141585,0,0.785601432135685,2.3677938323689975,0
14.162783809666983,13,0.821017671621556,4.913259309470202,0
13.55863054090234,11,0.9058502349989344,4.986190329047153,0
30.365860615281015,9,0.2298985676852109,3.752451256580933,1
2.0936483505593886,18,0.9110277505804701,9.325372686609052,0
11.88602013039548,12,0.2897906948890526,5.638722806080701,0
358.6837539351944,13,0.8780332242987969,7.170398913588106,0
28.160317289022085,22,0.8571250795460678,8.902943705869697,0
15.417484678138472,3,0.4547525342040353,6.147349391484958,0
27.95903087911877,16,0.7984315559840075,6.948520623102265,0
11.264452906372664,18,0.7432846809581107,4.423774581966965,0
82.02523362949545,4,0.044989890752693995,9.954524042334457,0
33.30252024156617,11,0.026203058342322172,7.759093957835171,0
5.216367497866474,6,0.08786928213468759,9.651115481582812,0
23.366575108856818,0,0.9482632253200047,1.2724493307695084,0
18.37049222701171,21,0.7128871313517633,0.2289845609769614,0
53.96387496699183,20,0.41445557807723443,5.23487469788647,0
5.201107466529467,23,0.22081894497899446,7.315136423743057,0
13.621819152701901,22,0.9477976320271447,8.329670141125767,0
9.217584325497489,3,0.24431848122956168,8.48817216635137,0
5.1243531750298885,8,0.5437267546012209,2.869668956425544,0
5.922018357995427,18,0.24317371513397645,7.591361628847297,0
12.89877888739345,14,0.7267701267737888,1.5736564359638416,1
104.33132804320758,18,0.17250174145651276,5.192941985849345,0
19.731442638298468,19,0.5954368651970864,2.35390372753169,0
33.71936210356783,6,0.6496278359167527,2.3167877721463057,0
13.438555933426965,22,0.963957202567213,2.9970029978996857,0
7.143307447656541,4,0.60291053257334,3.0740668802882865,0
15.666904315151706,22,0.48504503716642544,3.3481870860549447,0
18.2535203830298,16,0.3927403795603268,9.133726563732715,0
86.10316568443614,6,0.10581657056109173,6.868606449462408,0
42.57734819352891,16,0.7219749452571119,0.04399095667881103,0
24.36253233085471,3,0.24718382370659675,4.0142675400438,1
3.995205722831628,12,0.3126131623606998,1.6503681469411613,0
33.10119074104391,2,0.011852887521606847,7.212129760490621,0
50.12597779768785,17,0.6590146931965253,9.825350763746805,1
13.422798314877772,7,0.7588617901206174,4.987951570501535,0
36.34528190397122,16,0.09435787514804861,9.809970742205541,0
43.57666589023196,4,0.13703147365568769,2.7589448860317143,0
15.610902804871445,0,0.8229635576345742,5.810378547483495,0
14.791526188057897,6,0.7347276873588319,5.451535762583499,0
7.0135775299235785,10,0.12376683892419038,7.959363833423735,0
52.57969485387995,18,0.4227222872397405,2.614020920535187,0
55.018201332850396,21,0.3117566991276507,2.5916474501198805,0
60.39201290805259,11,0.16387900867276017,3.5481222427218615,0
23.79597935655295,22,0.4383607773575189,5.841038044895792,0
20.71311613033404,11,0.8519603995961681,1.3539512837858891,0
40.306643576643566,0,0.8162702025508738,9.549210238934204,0
32.013934501945634,10,0.5861135210346412,4.6062293455209,0
20.941059430813016,12,0.5596777412428592,5.0334937308784635,0
59.48996279619144,9,0.6546452026344631,4.107407103402988,1
111.65238913501584,22,0.97532010644578,3.8727777123620633,0
189.86238501903483,11,0.8233039483867352,4.563658890874388,0
6.827103505583981,14,0.2132941858977936,2.4238922256640216,0
28.872864857973124,14,0.46682125566732247,1.4787992066365474,0
33.35552897552037,11,0.7464805055794655,4.363264779168846,0
27.395938405579553,23,0.8481481325483728,6.764665473628693,0
103.61266957613364,16,0.08454156295455029,3.564352772240289,1
30.433785044695735,15,0.6938716144285296,1.0798929153158265,0
292.7828008463472,2,0.15287653444764937,5.239614275120226,0
52.72381365547131,15,0.10597913643621781,5.240712554555324,0
4.222706895076372,7,0.8435264196993819,1.6891427282812033,1
32.84735258914779,15,0.786615437687421,3.4309255684257742,0
12.702874850022928,21,0.7465909531296937,7.893122427362095,0
86.65955048318294,17,0.024198418344121952,0.3215995472007793,0
19.594494400167022,17,0.25685949545444986,0.95051954300437,0
9.849610575392422,21,0.4311098650178664,7.006744098630779,0
25.78746329831122,15,0.8800451860483404,5.724797624176238,0
14.676556253714795,14,0.5231691418276233,5.788180503811299,0
6.377011857026389,22,0.49863842999115393,4.576877887699428,0
6.375999763822352,2,0.004615170526831358,0.8589864035458716,0
47.63763570249478,6,0.829755164961632,0.5290444181150078,0
14.694681058608975,7,0.5850974578594277,3.2416201330823147,0
61.0644340001815,19,0.371358756318369,0.5665574417561947,0
2.733010139194434,17,0.16051162334254943,5.6527342136921375,0
16.516536476460985,4,0.4193286782715787,6.790284778200418,0
82.99275926971664,4,0.2387211261370582,6.182756594265917,0
42.02649124746951,12,0.4501940017801963,7.293376753159678,0
37.953828000132766,8,0.3064980390902724,9.520760667853839,0
35.3790301076326,12,0.043972931308757346,9.674467554135322,0
5.6986989178098995,16,0.9924437566086144,2.8548281608067425,0
33.38689218304388,13,0.4478271922704533,2.9161927266030805,0
58.99835370981486,12,0.8135536006021624,7.433773790192582,0
7.88406275182964,1,0.11612574210386284,9.900088736949309,0
6.715429013379298,20,0.6087565897830532,4.12867212304336,1
45.78549279796156,9,0.5249303139878916,1.8530318278710145,0
24.618678122867703,6,0.9536068293946813,7.287767199986543,0
8.237525899112308,13,0.8036085267395955,3.852936184409903,0
127.71094513853906,3,0.4132779996755538,0.800184643330154,0
13.29577251635417,15,0.7943027284635334,7.48650620409833,0
42.41797171060927,14,0.408033687101511,4.081330884293938,0
2.898982008360938,7,0.760818035113422,5.913461714745196,0
26.348861246813364,6,0.29146419040048477,6.919088858379975,0
10.677246957824508,13,0.3729442227497527,8.208671981600215,0
36.65445956995737,3,0.6056641180699064,6.214334310331898,0
72.65923835365393,0,0.540881836882928,9.359147439665188,0
70.4155682614252,12,0.39547884984770665,4.847926418837744,0
18.160134324952807,10,0.9376299208749161,5.302998616924215,0
42.0477174766026,5,0.5040410473433881,3.0409706398390735,0
255.98562108744252,0,0.7212507468141,1.318970841447361,0
18.272383659679985,22,0.41695770503125495,6.285243096482354,0
17.675841488264005,2,0.723280691358355,2.9259179445754544,0
6.950717526870612,6,0.7923795253823942,7.1416995266474785,0
29.932859000419278,5,0.5470968497512273,6.206640593430608,0
12.366166880896635,9,0.032698290353943116,2.8131856217283757,0
10.125357230779777,14,0.5041999418162102,5.573980644464546,0
3.072337876725699,4,0.8988917443017472,9.883490771988349,0
7.560615247646319,11,0.08386041719178439,8.823368843838736,0
8.393035411910246,22,0.584208306242541,4.168034590507088,0
71.03503352875683,4,0.034205576657521,6.8740516247976675,0
16.51653126102974,9,0.4872396338612399,1.8330158082398906,0
8.34854988272589,1,0.6918994651239083,0.10146632686845902,0
111.01929512041029,8,0.3805118955774017,8.395294930474389,0
42.416035934196906,0,0.1139404550955404,4.1415485815522,0
8.09632408676853,9,0.9474030063077885,1.815072330137456,0
28.37584297340349,5,0.933091291087398,3.1529804855791266,0
70.52962394162702,7,0.7952266144322407,9.226203754291728,0
11.57877294092273,22,0.20768009130553433,8.92387814373505,0
24.538667108734053,5,0.7728782622714533,6.5093078322150575,0
3.404750572248111,16,0.33491231335165617,0.9205593595358352,0
34.02534163607096,18,0.6090748692192378,7.179898497545516,0
145.0100344695356,15,0.4472642301613148,8.901328953751937,1
72.80347943641871,12,0.2504161982984593,9.189782477042666,0
17.956529452048418,13,0.653061481029503,3.86383122765387,0
9.38644141870244,18,0.7190690356792689,1.6938331425599162,0
28.08397998703604,7,0.5283229822202062,9.609139018293652,0
100.36308789730259,18,0.16203264520390526,8.104377168919989,0
15.606774291423143,13,0.4945327392267769,4.326997845647391,1
21.333142653243815,21,0.7690060494545852,6.320751514626722,0
7.544133980715738,18,0.8465029971421029,3.9752771393951725,1
10.320394974508565,10,0.026951552521414568,4.5724624791886495,0
14.927246377134779,21,0.18660802206633553,3.277949288447908,0
14.464737549725143,19,0.9300700632664172,0.5562538687820018,0
9.650729370613513,14,0.7817046936180794,9.971142438397889,0
10.049437201532433,15,0.7185065469975482,2.395433119643834,0
68.1625654566862,12,0.137945750544899,2.9009028654854516,0
35.47013134634233,10,0.0043603373598967154,3.249467859641273,0
51.907753613611014,10,0.5887889495401412,2.44280075078105,0
44.34069328752667,14,0.8660407045874011,3.258033911185959,0
53.29439646547097,5,0.07125229744761175,5.666496305695883,0
44.556877148571125,8,0.06937882088158864,0.7913053595348329,0
102.62684776073607,2,0.9985532772438872,0.7153671435100484,0
180.3481840138005,21,0.23638326275967325,4.62048927861162,1
30.15544806572796,18,0.6652826096506514,6.966241993536838,0
64.54169481374775,9,0.5578195636821177,2.1734738974676846,0
3.7906181132668406,9,0.4145277109590271,5.201719460974042,0
17.768945272880963,20,0.8029255769001388,4.404697944453453,0
60.094769651572044,5,0.23786219110181817,4.5224031429487335,0
2.848683470696014,13,0.27985949987912206,7.015958923233537,0
87.99568982762698,4,0.26638657917731523,5.971298814980919,0
3.6707495108404067,3,0.547161669381912,4.695964648842834,0
116.13047922490551,12,0.6560511986477904,2.7035511241399233,0
157.70548761941396,2,0.09265364989591751,5.8526173269286925,0
3.198135841164135,12,0.1466846945980026,1.3738152512231727,0
39.129684782377765,6,0.11821813826899297,4.159172185012537,0
22.206522790642747,11,0.6513843455159976,1.3474053419622745,0
61.89298167452014,10,0.625424720861669,3.181433705207839,0
19.21476854942566,22,0.8301434100706485,6.367498856462584,0
18.21088235757426,2,0.2865105071667957,7.867749020489709,0
51.600336457609394,17,0.7325945597968503,2.3559561846511223,0
69.1963274841452,16,0.28517216258184785,6.418291750715513,0
4.52777202206946,21,0.7516758605630502,2.733645935843759,0
59.44585371274053,13,0.6079806592750211,4.154822392081706,0
41.84731013025474,10,0.41395163474289687,9.143437993094807,0
16.64536824817611,20,0.6350836731029151,1.0113516931656497,0
4.363507202527112,6,0.84531835028155,9.839335682498593,0
13.381170162534938,18,0.22192448424276046,6.424038670204684,0
30.13207551363112,3,0.6150022603876191,6.089508372295836,0
2.4576936196078254,10,0.9933302306747281,2.144970263919702,0
48.298601676810094,10,0.7974101089950022,1.9458714772142027,0
16.226823415945987,0,0.2993390516509501,9.229088779275402,0
148.76223951638832,2,0.7845508148635898,1.602685491656305,0
27.54423362642413,17,0.49486715000962256,1.7171304208631621,0
5.642950767733018,5,0.7808141733465692,7.003038574442938,0
47.60203830960896,22,0.09773297779952028,7.044195122823855,0
24.361289944892384,1,0.8553297336401997,3.983810841607519,0
18.78751828097185,15,0.9944313640902614,9.075392455642179,0
132.4385824496082,22,0.44177348881160783,9.192257840316389,1
7.90939839267407,2,0.5125245378428875,8.41374702475902,0
64.81373450929898,5,0.18709128309228662,0.16060071342031135,0
20.129818457588115,23,0.6835622877725507,3.021305865851441,0
31.33332609384142,14,0.07753640841110254,2.903461194947221,0
55.05600176889378,17,0.566627161679534,0.656082012126239,0
4.201873157302144,8,0.41845039142299334,8.930828660854617,0
24.91231542813672,13,0.19997264220617372,9.925980684116432,0
24.98573259166743,7,0.8249686079796009,1.433565035543709,0
14.600068700906425,0,0.7511160564789034,2.852732035334913,0
8.60694453760688,16,0.299700110469733,0.2671392382528348,0
25.562661294437774,10,0.38626744765064114,1.1544190681996414,0
49.116336601779054,3,0.25258775661762556,4.995407649479912,0
100.4344337573324,7,0.20980007792243194,3.679149989978361,0
58.15954162016277,23,0.22137946920730367,4.2373213629064255,0
15.59933300356169,22,0.1338019075866419,6.661612709689713,0
57.70213570147895,13,0.3389457253137874,0.9768545271024631,0
12.283072285881511,6,0.6937441786680025,8.477626792024944,0
3.697020944460016,10,0.263106714715138,8.655983810130083,0
87.34582907337222,18,0.7029127039446418,1.6297615215288919,1
5.7341178847622185,1,0.7653350255401197,6.3482808588290975,0
8.85405903022179,3,0.33819969279951756,6.903578901055792,0
20.761160601362118,11,0.05768567932154278,1.7378471378834726,0
17.597280330293295,19,0.717808700340402,3.747869428222599,0
2.7028549234798365,22,0.13888429554954596,6.9226698718820625,0
11.459562301325539,16,0.27395463938785103,6.7305214425081115,0
46.86148515627517,10,0.5915897539679479,8.386789845568302,0
30.382774125074793,18,0.9195284094264425,1.3252076080851838,0
35.87675857683277,17,0.7551910214877885,3.228560264050162,0
2.4815343668594565,19,0.2692242285670571,7.5284812683140325,0
4.67295961107282,17,0.8127793412417934,2.487427422462268,0
35.3793987688414,22,0.40979829684687585,5.370905606902375,0
162.95523798639567,0,0.14415682751239756,1.3727880502935508,0
17.25333893387749,20,0.3094222118065748,1.570362357485624,0
24.951917767457623,12,0.8218088066792798,2.55971872059773,0
26.209358841578876,8,0.3709431203646113,2.9396976106228347,0
49.135180532456296,19,0.37995246923023984,0.41781509494735913,0
7.85580719848474,2,0.9764123118970067,8.55852076973661,0
152.99400498905692,14,0.5162583043943294,0.439273188293301,0
85.46000716842107,3,0.49680424779119425,7.6278836858552035,0
43.5980011538566,10,0.7299013006114137,2.869833317859578,0
12.582599418434532,3,0.9616970637065744,3.984172604470564,0
35.40141911853132,9,0.9893101907421871,5.779656739654488,0
33.44723927782541,10,0.7802396106051527,2.2472815801191217,0
9.42879719390053,6,0.8714868170118764,0.7672633429318676,0
6.875551877408678,16,0.9073145026114356,9.571124262461128,0
31.554369990823584,23,0.7449938086799675,8.282673126721306,0
16.436336581465326,15,0.5644383991834817,7.593758570327607,0
59.96270368355459,21,0.2500927908144287,5.34499359726744,0
5.564227594753354,1,0.7287295470215469,6.376427033463823,0
26.758871959070508,15,0.5018265267679364,8.643625673076203,1
74.07718060218913,13,0.917177137442692,3.888735719262675,0
34.08761592393998,22,0.0013703239858341432,1.0458538644140813,0
76.3159566631579,22,0.9202232954032084,8.409618075042001,0
64.82757714379241,18,0.9499570961920282,0.6274262996446633,0
19.09904429189959,0,0.21946848935305474,9.185730397828667,0
13.63535789830189,9,0.8790348617872462,7.219303679435818,0
66.29160382827008,3,0.5901545594415878,4.454315236930801,0
32.387134013984806,7,0.29338232243047757,6.153593973999422,0
29.283378900162525,3,0.6754909736933457,5.350353455299738,0
48.42113295527999,9,0.7975104680983961,4.015653436985296,0
18.78928190458122,21,0.4215115741735268,1.2855016702912203,0
10.179083534598872,16,0.621200347315888,8.083374248041409,0
116.319387978686,12,0.2015091537933158,5.877482725128572,0
23.52638642651853,15,0.032601656902767284,7.025353796844844,0
7.154046652207515,13,0.935500448573695,2.0842315590600737,0
34.68725219845618,5,0.15424092739854178,2.013010109350283,0
26.64257958697781,0,0.5137694701881144,8.38990810277994,0
14.478483351116287,16,0.08519585075415415,5.473527501507036,0
33.87159550890205,10,0.8557916905129177,4.528577059217054,0
18.975602074061754,18,0.7714817586830606,0.9326455233495945,0
9.040114061036368,3,0.1934096551146991,4.2618947195551105,0
7.86426892661798,1,0.8137774868481302,7.035788595426239,0
6.3712313659424975,5,0.3412914734164959,1.0363430748404179,0
66.0309119293422,14,0.8391805312271087,0.2917759209935744,0
45.058706294053486,4,0.25068756933532743,5.531685437809736,0
44.10382770479301,7,0.4715836409976345,3.161523461853081,0
35.83872033002566,10,0.2615238599963735,9.059859332209182,0
6.133614121864435,17,0.6699168653638734,5.92561193605878,0
4.750443140975824,6,0.05441025642966735,3.004491210734632,0
5.64924048101957,19,0.5790481469718206,3.1390875469301016,0
36.96487723644755,15,0.7374360512115274,1.2907661853672314,0
6.31877762964562,14,0.1953947398107273,4.3763657496731465,0
47.74105277314209,3,0.23695628195459684,0.6843032722430242,0
49.374922240546255,3,0.7256690210514539,4.40652716840324,0
35.557149795423506,3,0.4156912948466215,1.2051083761510928,1
16.470861023784384,1,0.6228958823929235,6.771741330770727,0
47.71104971997503,18,0.4266681977148229,6.510860183413499,0
17.17072614479401,7,0.4187966742661029,8.38340758417899,0
79.71418384615957,13,0.30054433283165294,9.224076657384435,0
45.8069224598744,15,0.5850531441239255,6.539006435273676,0
8.127123033847399,20,0.5993305213206419,1.5428520047976302,0
8.551674906175464,9,0.7521835765695511,5.0827426864505965,0
11.788603705370408,20,0.5016608543371005,9.411846719722769,0
15.538415470752328,20,0.5619169171683451,1.992754487428523,1
7.7630078672061185,22,0.847560279114035,3.8933654054732445,0
42.45568615702394,16,0.04036798888686477,7.480547386465894,0
36.111904981057265,17,0.5194892956491793,7.632829089005292,0
15.502879217943285,23,0.12625218104084868,9.49397953148078,0
66.9311641171418,7,0.6855009773083375,2.471675017506487,0
20.440740062394433,10,0.8943418228991132,8.583001854174036,0
4.916364224942839,3,0.4246551766956771,0.5250800910963327,0
7.822557494660599,18,0.6358102234096145,1.4579762107698568,0
26.49524682154811,16,0.3694402711883201,9.430388550118213,0
79.92944214171193,1,0.7558937831343797,8.80753556569484,0
28.77178457525091,2,0.5893295231454954,0.6093581440737517,0
7.8527119944854995,18,0.6070899740856087,0.6762824308777615,0
11.075807654080824,16,0.17339509582719437,3.519196492204897,0
29.886738058517672,19,0.006837207173857163,3.9997929330872193,0
7.6154143911850944,15,0.6257777456786222,4.678298238811447,0
119.99033627202999,4,0.11225265457394007,5.4849461311494005,0
65.00741529820827,1,0.13348584607093872,1.3063052922303764,0
21.69881451868632,23,0.16367389161966173,9.864148500103182,0
49.43832403255032,6,0.3999471127145029,9.578401638924039,0
22.989283882840947,6,0.24472327906837343,4.0884655634124725,0
14.439851404926848,8,0.9535346060923905,4.877309692484139,0
23.07650553750948,13,0.6768486171286442,3.63148328573927,0
2.2586318578924374,15,0.1942073147395319,6.506800576710555,0
34.95139017443171,11,0.8038825607816357,6.9930542184363675,0
13.45467478016727,23,0.2802948502681478,5.353873642880508,0
91.8005733204038,17,0.7998134563194443,9.243010618853905,0
34.672526971226844,7,0.46903592920334214,3.4668836140575685,0
24.86884600283772,14,0.47997209731817914,2.6005834969959674,0
6.373274478746349,16,0.3824396339159235,6.556735209053448,0
13.421129465134424,11,0.24686791583802725,1.6258070622805076,0
25.049636551851002,10,0.6870264870671753,5.772330243585752,0
60.046117986332824,11,0.5033764825685713,3.232850596061815,0
30.970909472117373,9,0.008873760045976509,1.373145044857177,0
22.937391173749365,2,0.3215745445437981,3.16463224400092,0
20.781164880728806,6,0.7662516585063892,2.025414460649817,0
86.69547347447129,4,0.2954511062620654,6.294926938879804,0
62.076018877085325,19,0.6852053749393254,0.5171404678399039,0
41.25769405874086,5,0.20294766598145808,8.183361054214352,0
37.15300733484547,7,0.7566956458621427,5.842426109976908,0
28.269031165110903,4,0.42771867746739867,8.570712818292554,0
33.55031448711399,8,0.007968227818246354,1.6027278837781533,0
3.8747772898904733,23,0.6496383690890107,4.722272129830101,0
15.31618160277405,12,0.5762737079061067,6.6794174669493405,0
42.14269663335987,13,0.5700205590892675,1.4582787964451827,0
16.750799450892362,10,0.9518918484154728,0.1394692818335086,0
14.060564703904209,17,0.3738924224718426,9.430133995395119,0
51.4349932058092,13,0.9005225133750561,7.807504875903847,1
3.670064454151958,20,0.0022782510909264975,7.82207818285916,0
10.65523726247577,23,0.9626973337165924,9.205221367345807,0
4.480491514715012,5,0.5518158026897718,5.781217966530168,0
74.3032329347971,2,0.5096200666907822,6.415587973986295,0
17.977769282109964,9,0.89134990615598,2.089817628015754,0
81.81543929852147,20,0.6361670551698748,4.703823742506755,0
15.101258669719975,8,0.5215457709137572,1.5759229971221933,0
4.6102892264702815,8,0.3843242408954075,0.9885021525381155,0
14.426602776081872,17,0.6591842905784232,2.5532650751596195,1
108.05604364722453,1,0.05313300885167538,4.595135972404977,1
45.65512603123892,17,0.24782362931815227,6.382449766876608,0
23.171562979602744,13,0.1008442295833556,5.043273936946749,0
22.872039404164244,2,0.5055749244122123,8.944549050218813,0
16.123881911197447,4,0.09642619596719848,3.26840429423274,0
11.856334635684998,9,0.8113498048826817,8.468121378519765,0
27.48416059908961,13,0.29131910978969267,4.357201041344831,0
4.381826529643622,22,0.6224475866467346,1.3802797328710548,0
21.403534846838095,11,0.3337860492348932,8.658394425118402,0
15.63982160314806,18,0.6994202725700577,4.8930799483806435,0
16.26987199907073,16,0.3536887603219171,1.400296267067348,0
8.207700425011247,3,0.37931908413532955,1.881586486253758,0
27.706604872734843,6,0.48007155840032334,0.7218035580596804,0
91.69676067790745,12,0.32357645973402716,6.4422230404524905,0
11.37022719207474,2,0.17051867288226585,3.631497497914462,0
28.77435677968225,23,0.43694801301980657,9.664185825370788,0
28.14476030185689,19,0.6635659126725644,5.384349913309608,0
92.48308404132736,9,0.32615083645699816,2.4544810234562418,0
5.258895081156544,10,0.8096316515643293,5.889004232936342,0
26.00413801149269,13,0.8207492518628129,9.767081758825356,0
52.63214115806901,18,0.20863460656082777,0.2313162544930869,0
46.65926510300863,20,0.26992797243883593,1.698378507150774,1
10.632773617548459,8,0.0023167871089411207,9.281554794669812,0
8.567140807996173,6,0.3527146465615604,0.24557727624442194,0
22.57703594364616,11,0.9127981215209576,9.633479129352315,0
49.87379455488373,7,0.7823360597823322,6.278244493928158,0
2.8834176492708306,9,0.9604626465747819,2.3167316829793085,0
6.838939393167312,12,0.21423257931897954,0.896845671128238,0
29.980032139231014,23,0.5723024134708865,1.0413321486979077,0
23.587509028541945,2,0.36471865329884945,8.377522273946344,0
67.84547270884482,2,0.6158784317672912,8.214301556440681,0
272.22895800083245,9,0.7440853142051035,8.338648800141417,0
99.97063874716581,1,0.09494263429838912,9.60644966652962,0
18.68331732379571,0,0.08781669661198122,3.9059256166293324,0
8.793622900025065,2,0.10880310578065655,9.15839083928168,0
5.16994855413921,13,0.2808075849203654,1.6150431829724654,0
30.536942613930215,13,0.7447425588725217,9.391999528994724,0
3.2074972634231846,3,0.6385876081382084,2.4365136537167498,0
17.231380898711393,19,0.30030934823703914,4.08005866620206,0
26.93056853059165,4,0.8560505924027462,5.153557259851366,0
124.92219690714708,7,0.7286232147892456,8.031812459001937,0
24.52279223686633,14,0.9728355550081847,3.8928411620555883,0
8.898005660024035,13,0.6856350764592751,3.4155975675684047,0
37.21419819294131,6,0.7171984302916364,9.827788959425716,0
24.0147432028982,21,0.8233748008316786,0.7458181283647192,1
54.05116502219984,4,0.9254602257706628,0.2558904653664551,0
93.1283049310204,15,0.2773501269737164,0.5669216696003909,0
15.148086265534142,21,0.6459332465366397,9.141910129845622,0
38.312700263021824,13,0.4123061245465698,2.3278366942251685,0
160.50813183165678,10,0.22946463610318557,0.43695489813816213,0
108.67963621636602,12,0.1921221055154303,7.287631302394132,0
9.418624555270545,23,0.09803573538232513,6.404312103476793,0
5.381262169368799,23,0.8484261543989104,7.91746691380377,0
53.292274371564346,21,0.011429619088194398,5.23720452104391,0
13.07394191101441,13,0.9947096299130896,1.7714724521872727,0
84.83520260266053,0,0.9646825413112523,2.9060364657864293,0
4.680271089146829,16,0.5307691398842554,0.6119624281345626,1
9.768359141032182,20,0.7427822747747732,7.038508653219288,0
16.13518527740739,7,0.458312686072021,6.4766920090321936,0
7.670193964100399,15,0.21954921364419722,6.806170454553242,0
7.23835215709924,20,0.7390623025227061,9.776418569135847,0
10.64017138212046,6,0.448394960722742,0.6020594963266335,0
49.36201756471001,17,0.8661378273100266,0.6507729523525063,0
14.86217807638201,12,0.8604667945583903,7.383883753209824,0
32.864531706583,6,0.9583002000415104,9.72761747477702,0
219.06929181680798,20,0.6984497095685608,5.427163840328547,0
74.68291903237854,9,0.49239022530660204,8.126943562664499,0
33.44132700268649,2,0.5609128613908734,6.093878897922117,0
4.677464907415212,0,0.35881859652214176,9.323955782422221,1
13.649628208640573,11,0.6594194641787002,1.9962096536529395,0
46.4954313778575,9,0.09222642645029477,3.6210554798111785,0
14.512701657964621,6,0.9916452356255543,6.127514248705056,0
8.793265438666314,23,0.06316328471165067,1.9861933381346464,0
123.56361613407078,9,0.6026271455020714,8.341466226230157,0
5.870548699960562,3,0.2906455958940094,7.979239320445407,0
16.88145742395468,18,0.82217376510241,7.189452373751877,0
12.453367567628328,20,0.6299098855702666,6.2010509537801815,0
6.981192063557499,16,0.6073803078453615,2.192018680305321,0
115.24021829830143,5,0.7485556173223752,8.699993200630967,0
6.903055135156846,0,0.11808515845415202,5.775696861348757,0
8.532963240116196,23,0.31172426752516036,2.1190419396991356,0
64.06019491680968,20,0.505887874186861,7.369211351673462,0
25.558716748146608,15,0.31996908457517637,0.3167405467278439,1
7.370203382109733,15,0.11015647638136006,2.180269338670203,0
18.90914015436901,11,0.3095641289758039,2.2684137902251233,0
8.05372491943722,11,0.45840108665038615,2.9166313788320917,0
17.839487795483993,6,0.1477916843071545,0.3437429107901191,0
15.721491571947308,19,0.6618310629262877,8.425758193709092,0
5.727450246328414,4,0.07263603696768617,0.9735237010918707,0
28.043803863856017,15,0.8916055205609091,8.291979906951045,0
9.425211030379842,1,0.3628788605648475,1.8026837773665683,0
2.6107505243846094,15,0.3589168379462322,8.409785540931912,0
35.550199895333236,22,0.20983203020231178,0.2909228662473906,0
21.0557730161291,12,0.4819245623507331,7.844808220263527,0
5.838550151944934,8,0.8321733335700964,5.327994162783979,0
38.21241807474387,6,0.5867460512702632,2.162957694931169,0
43.37103273016768,3,0.8101602406109867,4.0648948552922395,0
20.092736610914788,7,0.968785882108752,0.9708761455184589,0
32.334873562941176,10,0.6252757853154299,1.372490090210624,1
5.360121862578414,10,0.1686562069773332,3.670868925792845,0
39.546094704152196,14,0.3027551610410544,4.124253376660471,0
20.092060983013894,13,0.6613960749880711,7.760099339976526,0
95.67900951006895,21,0.7820130180368117,7.562955715882723,0
3.060995889864744,5,0.6545629730881498,2.4011363955390443,0
15.548971767496674,18,0.5789538383469722,1.838805783745221,0
7.117723055718716,12,0.926955156597136,1.6831082269591957,0
10.542446280088521,11,0.4965443733625208,5.907251610167777,0
18.443235044667418,1,0.666656390681079,5.805340391916087,1
12.080307679209266,18,0.31234052355353925,1.0492930261130662,0
8.441916363564573,10,0.3888455805186296,3.4040239990746257,0
8.67044617843726,6,0.23443337093902383,8.74383599809628,0
100.6211258182434,2,0.8002522556293318,9.422808940977035,0
24.63624119021303,22,0.19914382055687052,9.719244491035845,0
3.4869810941172923,2,0.23236008154645915,6.936215569790435,0
8.342856239406936,19,0.10718197454120515,0.37720001379259793,0
31.329177924201897,10,0.7345926363242168,4.851742829696127,0
15.975463850606998,20,0.07592807004576729,2.431918514412854,0
22.607212108295784,1,0.059627359050476225,8.879671973555363,0
38.614690560559865,20,0.6252626029624768,0.42339621071020295,0
3.4611821152849145,9,0.375507368811994,1.1294952501649158,0
35.58534516925424,21,0.927075850413844,2.862306773330885,0
59.49236662899644,3,0.8771315382029353,7.008581652375012,0
4.11807851645398,15,0.4967640784407573,9.361972515031198,0
24.511452593354235,15,0.08205887260890521,3.881745936774228,0
1.8483606454052284,4,0.5503530826598586,3.4164346633848277,0
25.68014397936215,19,0.9943453306410879,7.827049087027719,0
26.897795938819566,20,0.6603734133136541,8.982084767251294,0
7.109041994837274,0,0.7941410745808858,0.8759359473525608,0
12.634905364655857,23,0.4035617649659706,9.861140376548258,0
16.294294714873452,8,0.07443736626964492,5.097426842105172,0
20.117862931614507,2,0.9398116046356673,9.94246869117793,0
12.397646917038447,12,0.32966048950951043,0.12719470598729576,0
59.47883172030295,2,0.1512664823931893,8.909794262466589,0
28.388945569634174,8,0.15535720270151387,0.9870635949164408,0
10.68380386666383,8,0.13611402898207536,7.777972723068672,0
58.05965593615475,12,0.4295841898760603,0.0028976652346734966,0
32.668009417680246,22,0.8600401035726322,1.3634674523375812,0
6.04987997247357,20,0.14724627230485476,1.6095491217717184,0
20.749199542836323,16,0.7553718924678214,6.071752812386679,0
35.57343359901947,8,0.07246949302288908,6.9394626353461515,0
49.29499410118159,11,0.12049898665408731,0.9003490687102256,0
120.66990421349512,5,0.11623438318575374,4.05892214658084,0
62.80503977787063,2,0.5164142465566585,7.0177360833845706,0
15.13404891961507,20,0.8796455518483598,9.095466487018678,0
2.8574383739829443,10,0.7441491066093018,1.8954687120062441,0
39.16767699776953,12,0.8639531293569404,4.247471535849364,0
15.994594952033836,13,0.8641231725947448,2.2802306129616934,0
50.89191577865218,14,0.11426519965454807,0.3689667424083243,0
21.238581251316013,14,0.5511143111292838,4.5598667809111815,0
6.669777727021658,16,0.7889200460738042,4.197183600250053,0
12.487793167260488,13,0.9496081362631171,8.215938418284917,0
27.070707948973347,15,0.6841381995169221,8.905053949814818,0
20.602996462178076,9,0.8565291359864617,3.5338490686959876,0
11.803204176619817,16,0.3717847271252941,7.0828757527857,0
23.417762503175403,15,0.7059026108304197,5.779014821089856,0
18.685317324548837,13,0.3704037964013118,7.700517180376064,1
12.441663481628524,12,0.19479741664731087,1.4631887886382244,0
45.229892613286054,3,0.06525058674157724,8.12989594954732,0
44.54997084004409,21,0.8845264528347346,6.027152877643226,0
28.727312624543615,2,0.06450952940325494,7.674613743224614,0
14.56534728410648,2,0.9997014437032797,4.199979681203402,0
34.22824622860353,14,0.5107029941490794,0.08239729476092528,0
10.438925964464335,3,0.5038251528170549,9.179662542385298,0
57.4268327877049,15,0.07348554634646753,7.284730841311796,0
27.161546162123926,0,0.07460578811960417,6.907551788207279,1
28.051867550227364,4,0.7181306386766656,4.732728173943457,0
64.16289126330553,7,0.4428526050415832,0.43859300097378484,0
18.33865479992408,5,0.17760131399826562,1.3781666730944586,1
29.425698582618153,2,0.20251927660538172,4.3855791445622945,0
12.016155247328058,19,0.2317246215198936,7.933737399900648,0
7.160737415713561,4,0.8103901717387911,8.898020699139057,0
40.888052717001834,13,0.6116275997345457,4.578146284206396,0
12.583179249435679,10,0.0722588650547622,9.949819355277928,0
10.700727241247744,4,0.6906376067102618,9.797963032908367,0
13.437455999263333,1,0.5198087683562108,3.636662758240873,0
59.002716688655966,18,0.5797718068621416,0.6481777451124104,0
10.97429997105813,15,0.3021965163560224,4.928853187600938,0
104.8362962329978,7,0.01785551684988662,9.794843832070324,0
4.830306761458668,16,0.5087334627653339,3.6583079737505484,0
38.84603297592377,19,0.5951289354886276,3.514455862351671,0
11.605069499681951,1,0.6452558090305988,3.0400526102602496,0
11.717337853976295,8,0.4421463159643021,9.500471054923795,0
25.597975476645097,11,0.5607140869348551,1.882892798031639,0
10.204705310821701,12,0.5439749735216051,4.352860800474643,0
9.781279117138245,14,0.3695939364224735,2.044603191748596,0
50.739455072058185,22,0.8079134439579969,1.1173790540339557,0
5.673550877208276,21,0.4331996369091744,4.364914130290968,0
2.5787323269964046,19,0.23729077451100755,8.059268142611137,0
23.265744857500493,0,0.00894578505311261,0.07749197265045193,0
11.041350501113364,2,0.2872315966478892,4.8504398724262865,0
12.056578704104112,18,0.10344674976287482,5.059223252650378,0
7.7441199542700305,21,0.5011708759630045,0.7599309389897668,0
4.332177208398968,21,0.38145304203067354,9.783348789457053,0
38.336878030453526,10,0.2510430882608772,1.9782552480918958,0
5.92691114641378,19,0.12925402349943027,9.06622565777416,0
30.781918587980815,20,0.8056654703628681,2.2930477664250626,0
38.14542938489867,20,0.9848172171577336,5.246267950550642,0
14.32104206840123,12,0.8614916458119194,8.002239604009429,0
15.23986807364013,10,0.7867809665516239,9.497892987538066,0
18.449167864032198,21,0.5312012460889803,4.014866411031038,0
44.30347618620549,18,0.8355552951086272,0.7009718166605816,0
29.209926018580106,13,0.5341289206266447,0.22987770575495836,0
49.34631010300032,10,0.3220225504709626,8.738046028192416,0
8.780791645033824,8,0.2261684971873733,4.78712843366563,0
37.49478166253017,6,0.2159104159172408,1.4994897426181364,0
12.99661600139682,3,0.4561466325151322,4.641395865861347,0
75.12988148708497,2,0.6383587604613239,2.2244034761045017,0
78.6174919241023,11,0.15203801821393215,6.9946082382710175,0
4.3370740677340915,9,0.012163060967717909,4.073998821932092,0
7.708699275293574,6,0.02279009729182835,7.281382848625142,0
7.944721752941423,4,0.3082607215189489,7.650048955929357,0
16.783740068439094,15,0.7207022347470481,3.7421688064775283,0
9.678693602012668,17,0.003795229391937549,6.632027468681397,0
4.646577109343961,21,0.46733606329959776,7.737509026405593,0
39.776513482607015,18,0.29739139385243685,0.5104271880423994,1
21.820985365929516,12,0.9139439324919124,1.9312207459876285,0
6.262036604398102,6,0.958730831571309,9.82291467995351,0
8.623663425036334,9,0.39873338549623416,0.07206873537121572,0
4.160067994405723,4,0.9772814939162512,3.1293162507772063,0
3.2907150062083232,6,0.9710545293763633,7.821884602082808,0
2.5158386876184973,3,0.5760851392278867,3.163076178056966,0
4.478239195186799,13,0.38543401722191284,8.194236638001481,0
5.5493088267343476,11,0.10558899709740344,1.3231058153201447,0
16.666193350110206,0,0.5535865587091582,8.767904749111077,0
9.900288612635824,14,0.8348736314733819,4.72708122785464,0
19.61361510409099,0,0.3958688981760399,0.3689132344628965,0
26.563681397248537,13,0.5053084717138921,6.233067775489011,0
74.80839820761229,22,0.39834069623681867,2.7725855661759558,0
10.450524614737937,10,0.7036158649973667,7.004211251691061,0
27.52577594513232,5,0.550848326414265,9.027348169762918,0
42.82292445275022,15,0.5139874421174545,0.8364802971254715,0
6.192813321774934,12,0.21772173369880066,2.44267563214276,0
3.615623849272983,2,0.5930849149157946,3.9111417848616936,0
8.170784653960771,8,0.4947034021996437,9.59904003069116,0
16.697255649434844,11,0.7021608724718437,4.05544822748179,0
5.249983004029458,16,0.6322983163534113,1.1328088625193011,0
23.543180597650274,9,0.2938495813886258,2.976416792134955,0
64.47754664347696,4,0.6298822318494426,0.19317094016135017,0
42.91517828621015,2,0.7640050100093109,1.9118631139684195,0
4.053937761625599,22,0.6510845715892286,6.097193883447063,0
37.89977709795148,3,0.499693280353402,1.6877953972760273,0
12.214597533377042,4,0.6609733233771684,9.171640696060289,0
34.27835535920935,13,0.47317894933817894,7.132902353798064,0
12.679285281785551,15,0.3392959399540628,6.882234717309883,0
14.063206275987591,19,0.6216609498432866,4.472270278127483,0
26.33807298577756,6,0.019025931374131888,7.803363609022352,0
97.32661235027004,4,0.09286208201216795,1.8744577858931388,0
24.864382398866326,16,0.1831568319823843,4.434058514370992,0
8.033591587621682,10,0.9790260429448193,9.9382179205194,0
17.258112283799424,16,0.28656119878069,2.867555231101111,0
62.10363452838296,21,0.50013416641577,4.051371825250772,0
31.580115853949984,17,0.569800845517148,2.20335565017326,0
3.8884967386205327,20,0.012916639158081944,0.7583319133436561,0
25.684662798316413,1,0.0766556149600961,4.035049563482369,0
48.267979692281365,16,0.15594846196296486,1.4526492775554223,0
150.05633367817256,7,0.21787034546504302,5.116404181452206,0
5.238249019933024,19,0.07270693160098951,7.526949083671041,0
8.537867474761507,9,0.6504868479371779,8.481340440452698,0
51.28105040498817,12,0.11959806732261558,1.6801775169258637,0
14.749611816403004,20,0.8950282730998323,9.016350392687434,0
14.080974625383417,5,0.503180520112857,3.5948021128880567,0
11.492451482482295,21,0.1869645648546604,4.478854107018869,0
27.83786119502704,14,0.23138516850670043,5.824808190137994,0
51.25878729352564,3,0.6467678396542941,1.4902557100564395,0
12.235934765360748,17,0.11289256399264924,8.41628531551525,0
4.976714936573106,1,0.04478366869396544,7.8932841552350395,0
35.83415816812189,0,0.7994983779460416,4.729187930439343,0
7.057476299358776,4,0.49205924356980313,3.1758997556293345,0
35.014372295545826,21,0.8499419024130113,4.969528340235241,0
20.578726638416047,9,0.9504407514669597,6.543382571653273,0
15.787186207465393,15,0.4542694492126974,7.003336627434141,0
9.078604489539646,17,0.3034414069098005,4.376930987305246,0
14.934988425994911,13,0.3702440625645571,0.2655149628441056,0
18.265513879819174,18,0.8932275264487474,7.130259692863201,0
14.791057225905083,2,0.9984662368377093,3.1980970575034675,0
81.09958894567824,10,0.38127516017418484,8.788322899155022,0
21.20037914042818,6,0.9645455555031601,4.216583299782589,0
5.65195136517935,7,0.5053996613551983,7.957305220977484,0
6.774808442230348,10,0.03664854549389651,3.6720451168835986,0
24.720927372343176,1,0.20257384493341168,3.708414924824716,0
3.386177016940638,4,0.3872459666279161,7.625634108499978,0
69.19442942444664,6,0.3541271324047953,5.39521474222566,0
78.1742524347611,23,0.8130963755146138,2.563440402275976,0
5.061004625910726,2,0.7874231382342696,8.394942835748965,0
26.38914940580816,13,0.12626691180110072,6.299297157663311,0
30.263924383664296,21,0.056884348340889845,6.344508931752512,0
92.99925577865797,8,0.7098483780794637,7.837854759675484,0
65.37130693605931,3,0.4256133113176517,6.304945093549086,0
6.7407448992172805,5,0.1716837380285947,2.581269813822036,0
13.661567329787797,19,0.08639816160956537,0.10327650494920904,0
7.320017870883648,4,0.21412011485064342,7.886668356180348,0
11.755487879829095,2,0.9582771593916101,9.573694004317018,0
6.298621680323771,3,0.08704932372957952,7.194098714166863,0
3.6149619883471407,18,0.5507573941893023,8.261429727343277,0
189.6288085441326,3,0.026186763958282677,8.637807267219841,0
3.47228341914906,5,0.9033847637846174,2.529254796033781,0
37.79623964724107,17,0.5119730800407416,3.5687195580427042,0
6.791667065165184,11,0.9374122208685294,7.339869849298194,0
3.1655741035038156,0,0.32466712022332755,4.394523246803183,0
7.6201816609461455,23,0.40521975733575877,6.368630479977413,0
56.16562893819895,18,0.7495599908043358,2.6919526330859336,0
44.442055360768194,3,0.9419400119582516,7.149089362529063,0
93.442831972319,3,0.1400437135868704,5.941467494243633,0
25.085406138400927,19,0.39777524400268716,9.57632209366421,0
3.5776677487021193,23,0.9705855790082478,9.235014820541679,0
12.89397628002968,13,0.3258525111259014,5.612556923402706,0
34.2880380094437,3,0.9369388846899588,2.51682886770931,0
19.702547537312395,2,0.6201571519179829,3.8910135288110403,0
9.367196206496025,21,0.4807361098794961,7.382110366597284,0
7.8685538182411205,17,0.3319880491223489,4.216053638054344,0
26.972242834190144,9,0.5091080952380572,8.222619447115736,0
34.14636362091597,11,0.6537946154441366,2.3873589150724506,0
24.34896708375791,12,0.7106326263678829,7.711999196171292,0
60.26051836011066,4,0.07630620005399891,7.8491206171481736,0
2.8928904224404155,22,0.6403336617933515,1.842531417115879,0
14.6452976166248,0,0.8924230158504721,0.8833198036715373,0
18.594242204010442,1,0.4268931674451877,6.0139031327757175,0
35.848433400703485,2,0.2505015830236874,7.746336401131526,0
80.88305244067728,19,0.6992766584888441,9.376947254189018,0
35.92112126337993,18,0.11377672757002855,6.824918712244459,0
25.092535501137075,1,0.9327563082695483,6.8315434568757585,0
13.553493590360448,13,0.5130330379355099,4.336343760771281,1
40.12048212423813,21,0.6616627087528404,3.1686686263810104,0
21.974141713531402,16,0.35248923535596643,4.224210118441187,0
13.04296077300772,23,0.43010754838200116,6.967412161726515,0
54.258950018455344,16,0.5769726755069127,9.836421501913923,0
15.405923508398184,1,0.987196629055164,6.854755171666419,0
24.738429760369407,13,0.7023658714532052,5.794251020884839,0
8.41224455918122,18,0.9348375438580799,4.117092004279987,0
30.29850014930678,19,0.955320662520223,3.8789699110413025,0
27.80977889210868,4,0.7809282074753674,4.322097327412217,0
10.396600207271367,19,0.041164788467735414,4.932826738591865,0
45.48446889062305,5,0.27032308233471825,4.328402075300732,0
32.62403589812553,2,0.8067769731872232,8.745321472229342,0
15.967564581560348,7,0.013659328512585334,0.17420026301527614,0
14.607236994712997,15,0.48549039856277953,5.626963133841602,0
21.901689002738763,1,0.7662583468007982,8.441533953267875,0
89.20884476406131,8,0.930932013840883,4.359038782427133,0
11.845916393830244,22,0.44104599794469945,8.707118317577683,0
10.1663343224829,23,0.8292278605136528,5.984030983568701,0
94.6214431802612,21,0.45652764812772206,2.7717420157187678,0
175.78268797972243,13,0.14257954231163772,2.1635561079983434,0
8.71210619246671,20,0.45694615610410616,0.4407548595676003,0
20.626166525129662,11,0.44183547840545845,7.0368154189428855,0
5.430908744989652,20,0.5246658503916943,6.507973062345042,0
10.779065535796953,6,0.9304940462806971,7.828998882380366,0
15.708150191252068,3,0.618184391489242,9.55766150275109,1
20.231992545542106,0,0.08999132226200812,3.286192944922596,0
4.798176148393144,21,0.43072980766129343,2.4238698710495843,0
17.271756681580822,20,0.4557434041195484,2.7747942117010913,1
25.705465066549078,22,0.8260258242408511,5.550737615629064,0
12.302227918392573,0,0.51708964153488,4.653986057883202,1
55.89894536205362,22,0.43232667414217196,0.8954162884176442,0
24.288766153092563,10,0.13442423982017182,2.1936125723836106,0
40.66532972066332,17,0.7798603619663926,5.555597385173863,0
8.81369532906141,22,0.7715148083732332,9.745723015693686,0
13.006493103245967,17,0.20035636785516786,7.638900198196951,0
9.64778260148771,2,0.6607297677084767,9.829691317538277,0
26.16529040233217,22,0.0838438591645192,7.210492978987123,0
20.495751466816117,17,0.5779024114028455,9.873130704294475,0
6.228022781073503,19,0.5429183723065156,2.4966440690204337,0
13.757539717986079,13,0.12498635822042459,9.153513050416821,0
132.80390316031648,8,0.6626346555805868,6.685988764464392,0
2.431198293867769,21,0.08687934775444928,5.9803335618658835,0
6.961117544421562,10,0.8130789606948772,7.015758520280584,0
57.1369615867277,23,0.1519493657587795,5.692111703258547,0
20.24975289215872,14,0.4265551024219646,3.603373730455247,0
59.88301430402131,14,0.8508809733332633,8.135563789431988,0
40.076705434311634,15,0.0647254838734862,3.715197218041154,0
112.95279911045911,22,0.8010631273344581,4.30629183784858,0
3.0133241460397056,10,0.7473397922289315,7.886656451247572,0
20.509886067796458,13,0.29174993872297217,9.740504676037204,0
60.28219256790292,9,0.8956708088424898,3.139578009332679,0
84.01875786588937,1,0.9149108310824808,9.797188605153943,0
14.207949230169431,11,0.7315807421782874,8.880009679333149,0
130.0821721009008,21,0.8269571656940596,1.9809794008479165,0
8.695645071764773,23,0.14500788621910699,1.6057392914004143,0
17.132806737038166,11,0.4422491854817422,8.185775793149947,0
48.916636459671366,12,0.969885676173739,0.6652227255809873,0
30.975558962820124,19,0.09573074833467887,9.844917586003932,0
22.514609502827245,8,0.4160647979405694,2.0525305528183226,0
21.743456269356695,7,0.962031399367625,0.23649920023972038,0
25.055986730334745,16,0.5860428748393692,6.647592681665819,0
322.5300809505557,23,0.02886688593108222,5.696678455461748,0
22.663146055512108,12,0.8522097796278381,9.112240965878962,0
26.985578573734518,8,0.32286980164988044,1.3743951790185815,0
37.08234478627192,0,0.03594233078621989,1.8564816761714098,0
9.777624024656946,0,0.8309358707425099,7.3031068445262175,0
10.908418009485175,9,0.7456387891266648,3.9093642567941367,0
28.157100545727914,22,0.5310258036144114,6.285068616337329,0
6.280993653349551,1,0.3631045656259312,0.34871901635517677,0
10.289377410874724,3,0.7584913753201658,8.075421177819743,0
24.921313053908218,14,0.5980110177897777,2.634367409641701,0
28.15445257389669,14,0.23548102545542737,5.329841904923219,0
101.52885925718648,23,0.8796698145549692,6.94310759173025,0
22.080986780215433,23,0.5340327003987513,1.6606872163105024,0
19.26559806264465,6,0.8580557249598358,0.7885218355860113,0
0.6714883716125012,19,0.08274537954311412,0.004210432935494168,0
8.606502060468216,3,0.2293072755108131,0.5776526836227536,0
137.31085382241412,21,0.3138948384742495,9.10892433593779,0
3.1112954697066137,13,0.8454847985571711,5.19258451470605,0
95.937100295726,20,0.8719957367849999,0.6476486972206619,0
16.068677693566066,20,0.7711308988348763,9.964549371603065,0
45.63546499331363,5,0.5825319061013275,0.9053928276744161,0
20.857741513286406,7,0.4553915089888756,9.181748385634647,0
140.3898607110206,13,0.09467476459184698,2.191271056031181,0
2.8110976247090957,19,0.6555191112765011,7.026984092450329,0
41.577288309390816,9,0.83533343767356,2.332505147560191,0
125.68223014364891,9,0.8591001799673149,9.920934916613902,0
14.745004095272462,1,0.24102940977657206,1.794956217142386,0
35.82976955034447,17,0.586954381939557,3.506426070169566,0
25.82496067520411,12,0.943511688149856,1.3626773748303633,0
11.383181340976089,15,0.8536691324664822,4.948682724603206,0
11.6478272353927,9,0.15729871570445664,4.297288199529055,0
25.533890263444725,20,0.3921798895844196,8.136522367701735,0
4.252479659663107,15,0.09796559168112973,8.543888635988331,0
14.794110663057287,17,0.8331196949866733,8.581545631053467,0
4.845642181770687,17,0.606779091269467,0.36751459958319077,0
11.580271207565865,3,0.7004540167077,1.7994089543173253,0
122.9722130103349,22,0.16464782572807934,6.3909946055340505,0
6.88805874022178,16,0.7258601719782001,6.017689361025394,0
13.123821493851676,4,0.22536331027303702,8.065308678774198,0
11.905780463227316,18,0.9729345814192777,7.747933788621154,0
40.28209838270003,2,0.8750778956566146,2.1574391221690425,0
25.23324274639964,23,0.01601547949264759,3.4393705809480957,0
24.190196473896705,11,0.673541136121509,5.656883091678925,0
61.9365024824899,3,0.33700322258675797,8.627570031126314,0
7.795613233557219,21,0.6846490432813809,5.252088847009169,0
8.378239381999594,9,0.17666437383307765,6.903425018137632,0
106.74626215775106,16,0.2730524822975512,3.856263948676869,0
151.64990665580652,17,0.04629470498147381,0.973281170844531,0
2.649450049991643,23,0.3685685926161101,4.420774908537127,1
49.77133453541351,5,0.6032868381027008,1.5959964091919876,0
9.790299568624661,23,0.8676508425562889,3.5833961246970993,0
102.02205643686547,22,0.21097730380132962,3.030320679900261,0
21.741638047966127,21,0.8783227941126892,2.4534045747413002,0
2.2251895501084658,2,0.8031490459921609,6.855812190939206,0
27.515516819130738,4,0.648047623118712,2.0086769287238235,0
36.696827588917564,22,0.8609668941452442,6.7707815929591275,0
23.280386893088192,3,0.3260186711971299,0.38819492179868686,0
77.24765342111687,5,0.9417860324497692,6.743307590545998,0
61.814764197462594,16,0.17928208636318155,0.42531674878210857,0
23.036012301769606,1,0.5784960554750924,1.780153792566015,1
2.629661790722411,23,0.4670090343096036,5.0319776640830325,0
25.454332242796333,21,0.7503724286514677,9.879052565848795,1
16.39591320696316,9,0.3487587780540303,6.378971425937348,0
18.50193502701824,14,0.9191507745580222,0.03423583963727661,0
11.256593050906105,5,0.09622543554447427,7.758757065369611,0
3.6744980873006825,23,0.6132915667262119,3.405958542086416,0
6.931071818585405,23,0.07407881406423722,9.921007781379585,0
52.76421545044294,15,0.971776091914897,6.063809272106495,0
58.40315112573063,16,0.202298645572911,9.25352541348191,0
106.83315568500541,3,0.7727892663842343,0.48887702887177253,0
15.910257927417163,1,0.7290049607322308,3.690909837121069,0
19.58254642416479,18,0.9760099845693135,2.8741149829036416,0
7.984956594460915,6,0.9338947322536935,3.745844529533243,0
24.77394593721152,8,0.8713000699970646,3.0473020681142104,0
18.81720189148371,22,0.6433607777612598,2.7819351622432773,0
4.998818557602782,16,0.5215581619819462,4.8123309563692,0
32.41183195050202,21,0.202360754347105,7.804910674079169,0
3.54917982297045,21,0.633685840812885,6.466078324564996,0
6.30092241383628,14,0.7166066218188055,3.696235188393282,0
27.34280851197801,20,0.9431872400229991,5.895556832198854,0
7.5758222190147135,16,0.28224700453300133,9.069576106554582,0
11.159965007536842,20,0.3580757821407329,2.687176337263418,0
18.798482440954132,20,0.449202472616393,5.005422908225503,0
44.146944986780454,12,0.691447316119174,9.11637272820906,0
75.76269078820555,23,0.8419171646042009,7.310579905680138,0
8.940528354660886,4,0.25782321961883237,1.7474286929466853,0
48.383037751167855,20,0.5401824810409175,7.933939372750775,0
13.934019273521544,8,0.2518599042454699,8.022602932626267,0
15.14812136823106,21,0.4644409980217049,7.458993483561259,0
22.391511168317873,13,0.9344001197538162,5.958032718883498,0
72.03459928289226,8,0.8825389032188721,1.1800230226131092,0
25.459615479048942,10,0.4611789311222494,4.6923423352631985,0
17.25663754160722,3,0.36667592432904816,0.866758980548864,0
28.199825209590454,11,0.5448718615982205,5.1890548504350456,0
29.821755255802703,2,0.7333009976513236,4.051437162065241,0
3.3079048152695427,6,0.11697336611945586,0.0591166752253558,0
33.82194958150836,19,0.22670512724562064,7.7771079706596264,0
29.438906007795268,5,0.12024653439046529,6.507643680445623,0
42.65817068400364,21,0.018625660079736983,2.407752044004484,0
16.54500965587934,23,0.7839378150159512,6.420398041241962,1
22.71057360277965,14,0.3748382673086972,5.441275006346534,0
17.957154030799025,22,0.7642281535726445,5.081173095298496,0
21.967048413996235,21,0.49628695995360117,3.7641636412857227,0
29.68835717672181,0,0.685574513651455,0.434421233177662,0
42.624831237563704,3,0.49792374447940235,9.861707813911533,0
33.675958811530236,1,0.4870755989044906,5.097935299740522,0
24.968758836123406,5,0.886607227546588,0.5474808533571252,0
5.203916611938128,1,0.6380412419137921,0.5068093265689388,1
16.819134447603368,14,0.11018406537998404,7.695631076234058,0
34.45339340970053,4,0.5683618573287625,3.447277185447184,0
3.73530421617332,22,0.14012164747228917,4.28835204877624,0
502.4018878769314,21,0.5815497329029048,6.1527165267295345,0
14.996479576017549,19,0.660721567903823,0.020943424909568575,1
7.692837511291755,20,0.19347477800998403,5.159213930637575,1
12.645567083307686,13,0.16044114153924294,6.927992042906511,0
9.85740494292961,12,0.1832598355395767,3.9275043916531613,0
67.9820925945652,12,0.8232596978477715,1.622765057077008,0
60.98354316368093,21,0.15811407499315655,8.519847876342125,0
98.5894504211772,7,0.780449605479519,3.972993946259269,0
11.254890631294103,14,0.020018425535911488,9.964335923663223,0
48.26134835448209,19,0.8245744241605563,5.355416200872001,0
17.033850638189197,12,0.2432476889248829,1.2640980262560464,0
49.774728165743205,5,0.18839394486063576,0.7962373059997763,0
3.9558150616885195,3,0.6308307109349519,2.082849457755356,0
20.092077735521215,6,0.8723786506382897,8.949271187920472,0
7.721730922568826,10,0.7163854254857968,4.9213283829858,0
4.966933502891603,21,0.5605936370052843,8.278980936691134,0
9.988460856627311,3,0.23964500145771028,6.708288638088732,0
6.3764678836188216,13,0.4086871746263486,8.582087907696852,0
6.324511683176805,9,0.857676909478525,5.177717957153804,0
68.25776669365646,7,0.7982432261298982,8.190511090950029,0
18.982687252406667,22,0.22184280222261932,9.430425928638899,0
4.639182598907379,11,0.8769871360636634,1.446107776021549,0
18.828686786252824,8,0.23977348366717288,9.969962268883094,0
16.458128047368266,5,0.982861053930127,7.391822950439556,0
11.35323392137929,5,0.7435461235059798,5.744728282527617,0
26.692098514813157,12,0.7085416618760303,9.922172371556245,0
15.02531789786885,11,0.5836207654583602,1.6666901720447858,0
9.753382529899522,7,0.8557833955085904,6.476646030752668,0
16.463893322734535,7,0.8834693132656007,1.883015990632697,1
53.899431745255214,21,0.2545558411607819,5.085875586712377,0
68.69839302354038,2,0.7919813404427118,0.3959556487058091,0
34.921926196206314,17,0.16535959194288652,3.436877016649269,0
45.79742845862607,9,0.3947436929667837,8.733107777022221,0
50.70393173642043,3,0.914893390291584,7.585551400060321,1
61.00400993192761,20,0.3047003633760691,3.9684991347238574,0
151.3137795532787,1,0.4317649946408647,1.7113251568645538,0
6.628971760301964,8,0.42091107638135783,0.6198276796803015,1
41.638324713032794,21,0.5706162375109873,9.530226648645183,0
191.58273163699417,10,0.8341497636938668,4.324104667814196,0
4.266665876129646,15,0.5470802793357241,7.204034510780579,0
99.5685170990856,13,0.9392767686888939,9.082035130431937,0
6.720196284248173,12,0.8747328165940466,7.365729240065738,0
41.061360994940976,11,0.6134452606009421,4.684296982180049,0
21.979127673078004,0,0.4319555043202854,3.6914029469966536,0
21.992425974768192,2,0.3247481522586496,8.731212625780627,0
0.4865438655420183,16,0.6122797169116374,3.1889291457141775,0
1.9457030833770341,3,0.8084675798838868,3.27141723971629,0
11.902021922802245,8,0.5055681597857817,7.569060938885327,0
17.88041260393262,19,0.8811245657738204,5.858204202733929,0
31.225881856549616,6,0.2875346443809199,4.279746306256874,0
9.6419281235217,7,0.8597573933411601,4.505575996401311,0
15.412963870704331,23,0.6638289839582135,5.835721937680302,0
6.85145871442211,11,0.2916276205061272,4.374274367176,0
6.039181412619108,16,0.4142910130291523,3.1667820600625673,1
10.755421571034553,11,0.038345295147925396,9.06082236728189,0
2.206741597197583,22,0.9150807053536365,5.063893785950965,0
31.98135285906446,20,0.7683667847814656,1.986056386786641,0
39.92929542103457,8,0.6097119817205857,1.6456387219279545,0
72.47118191120715,4,0.971194699633336,2.8762985339620006,0
281.529139700145,12,0.9218915288886966,9.865242201364318,0
10.1675252009442,17,0.9166512802602835,9.246759919482695,0
83.68369755940208,14,0.30384399106566773,0.9209276913385089,0
14.202835390348232,4,0.226750950162112,0.8427995784457865,0
28.72943090084538,15,0.74368716266835,3.8183507382599204,0
31.702442372914835,8,0.32650800393346413,5.132329175152373,0
59.19707785562127,0,0.27199463168637084,3.035840302256405,0
15.150531187401379,6,0.25253049659993343,6.5610583516729095,0
2.6349705589024714,18,0.06920225271519997,4.285698934348023,0
14.037748115336214,9,0.7246114549839854,5.3730835218914175,0
141.43729783529088,3,0.008321257860674613,2.805980068715699,0
26.083311806610023,19,0.5646790942609258,0.6945765367289425,0
90.61996896108153,11,0.26667833949109476,6.921263453625662,0
87.4325390853597,15,0.6678340591317686,7.2615938622035445,0
26.664706860672805,17,0.9451750086868799,4.7400850618553605,0
12.24376064713734,2,0.6910944479499437,8.623469500075096,0
10.659610836186785,2,0.3783554727607591,3.0624585268257496,0
28.47516171288127,12,0.1781714643143758,7.241401776317792,0
37.463574866515394,6,0.3390047433903235,5.8017568702795845,0
85.72764008706264,12,0.4588178567372414,4.294126230987592,0
6.410955475346165,7,0.8809249585873442,2.120344264458315,0
7.882423472998138,23,0.9770639571412192,6.607997322950702,0
27.066538837713317,8,0.9273957206131137,1.600443921768494,0
7.373797195548238,1,0.5006443190778425,7.251024551445981,0
40.09708062499244,7,0.4716837914962073,2.1496013044804183,0
22.660283477578016,11,0.27178985650149334,0.17305346434685953,0
8.948057825538964,21,0.38008568862408143,3.030466519341025,0
168.85613133781476,19,0.9173592985726712,8.64138818322391,0
25.55337342679512,14,0.8615534686691035,0.2873809496487134,0
46.463885601231446,19,0.14704707772863013,0.6239250891075276,0
46.99789414477575,19,0.3546540901838027,5.337806357187817,0
84.59874762967475,1,0.5807184740804293,0.04117791352479028,0
41.68982141973387,13,0.11163976821732446,6.3863608633993705,0
25.021462648048534,4,0.35186813301061726,6.243669808845365,0
13.41161682539645,1,0.5848134524573141,2.2110663940956887,0
55.74127846567839,20,0.45165446180373825,4.350280917727614,0
89.08153282625908,22,0.8640901712227901,7.661933540635375,0
94.68167739623642,1,0.5943352641060218,2.016592866276581,0
106.6363474070184,8,0.6711654427318584,6.03130142916629,1
26.023019710040273,15,0.5274535610791222,4.390160410532733,0
13.093134333683722,0,0.308719816135948,3.9426299411946584,0
12.760809833589839,15,0.5935139945190514,3.2934340171315304,0
18.70860855729471,15,0.9979599740345456,5.446179770475319,0
76.6338619686635,8,0.20065145323507805,2.512404103537124,0
144.27848033134094,3,0.7237399411151443,6.366654885087057,0
58.54784778176421,18,0.7120387634965085,1.1425447496881092,0
7.105597311187597,18,0.7803082854376217,8.583739043682975,0
7.079093523690645,10,0.43754335379260445,7.646162816148097,0
25.583259685002467,6,0.0107311786512847,4.157761517640663,0
5.547291889653207,1,0.9041252694172583,1.7818940606240397,0
13.053786035099026,18,0.25791222258466995,3.9502757083413877,0
12.364381734955563,16,0.4009968749654521,6.741990618269784,0
21.32012663400639,20,0.8305333496474993,3.66149268244768,0
50.64863392779819,20,0.8719455742543569,0.8237636716960073,0
7.58239192741301,8,0.6878599575099887,1.091163596721586,0
27.582448945198244,14,0.4397221777667061,6.96547779378294,0
18.048612523646224,9,0.6446499588837592,8.567992886813185,0
18.574099569755624,2,0.4316281652197964,8.29253702994478,0
36.13522938001222,11,0.20521549225671787,7.443192523572179,0
14.130340275193388,15,0.3379876638911369,7.6003295275734555,0
27.861664580621476,5,0.6041920138419046,9.806802706683198,0
41.79112351307146,14,0.08575458580365636,1.5598900866897603,0
16.27413425765983,8,0.021228922196936284,5.453268323075029,0
25.939990986667212,2,0.004716393027103916,2.628638644187701,0
30.787459615274663,22,0.11215795874483858,2.3027545778194183,0
11.40140512040589,17,0.13712190744472086,4.0929130390140465,0
12.584853109726069,5,0.6760046746948485,3.366239812806957,0
4.357095397683533,6,0.4046777771699638,6.542109308390809,0
9.118616691075538,23,0.04468148892424151,4.147908630984887,0
5.581080666449476,17,0.18874208199125542,2.8518115362826126,0
21.65108642153435,14,0.51219321258938,0.8376339335505667,0
43.61577643593644,0,0.6211846722067864,2.9083797235105155,0
38.40356650582326,23,0.98567427756448,4.838986880726502,0
51.51162287114734,22,0.5188066612958554,6.070638884346762,0
19.043934492395216,23,0.11896896739567375,6.39311834977883,0
20.40673394154308,18,0.6475776747306573,2.0943921273672395,0
75.80954292521015,22,0.606288128927601,4.088648559840461,0
4.957225649033336,22,0.3428511121645267,4.031360835904056,0
4.025996972543669,13,0.6587670005908614,0.1491218536903105,0
18.801931355929977,3,0.9297783411526528,8.841332331977261,0
39.85737724767779,10,0.01995293524471875,6.739069875210976,0
7.151381137211276,15,0.20663464507732143,6.622156560641889,0
21.6148497141856,14,0.11841547697949484,5.783158386097753,0
15.43648236423738,4,0.7053190310349605,4.607865380077291,0
7.461029603236302,23,0.6611355029769936,2.2479542382096565,0
22.458991817172574,4,0.09368123860331246,3.924282441166681,0
3.644499792286842,17,0.13548273693377777,1.763880987003067,0
32.396617606233534,1,0.8521674776371035,8.1545859372483,0
47.48763163379912,9,0.5925078376281454,2.1096362198158767,0
10.769945947523883,20,0.5103461724996892,2.7725967880091207,0
46.35529170487483,11,0.526269147726401,0.12711300922234714,0
34.48466547025677,19,0.165321684441467,3.7442864102259534,0
7.735627889805881,11,0.39786794699354144,7.0980454713181915,0
16.69969829929096,8,0.5823562653370267,1.7826380650892704,0
33.667230024767,4,0.49089597714718924,5.113662673294009,0
29.099084868676698,17,0.42849627018772596,9.387295458178148,0
4.980674420953869,6,0.28518280132347795,4.385118179204806,0
31.138557301571534,0,0.3688131344626717,7.946579042864519,0
6.515736809299805,21,0.6768673109267491,7.9837728729004205,0
4.0152918265243045,7,0.9726593804742513,6.522490213051261,0
30.502117515769907,2,0.8960761739508826,3.660753250046195,0
17.14639898570763,19,0.7987169431942627,7.5963343152564,0
22.55414974748062,19,0.7135100194771706,9.399510032610223,0
71.2948707280999,21,0.4435361932247258,2.7213738259245632,0
15.961414255998873,8,0.39408194418812925,5.0157629685609715,0
8.985726249886048,8,0.6584842881349708,6.003161733684186,0
4.7285009992560685,7,0.18461506938570393,5.943831007661857,0
54.25482919881519,11,0.9309015513965552,4.167219238748673,0
27.700812727058576,5,0.11792039542304833,5.436003563164501,0
26.73348628952795,2,0.11494349232643375,0.558497158253014,0
37.97780088939522,5,0.1828579760626986,0.6442248105566539,0
82.85635174219252,21,0.07018171368850923,9.317663802132444,0
8.241954550175604,3,0.053109247385744296,5.511051394103671,0
7.8197015232287885,19,0.15242345729390372,1.9521827868687336,0
16.815248088993126,6,0.32752464509676293,2.6448798032609186,1
7.759675361919967,1,0.5685499615616748,7.039258128155275,0
23.87952565551338,15,0.5401081233485014,6.920587919917601,0
13.287912556169967,1,0.07409813907751395,6.581308678514789,0
32.79255459272355,10,0.6988073776183518,2.499434539369255,0
14.476448068699126,13,0.29288899145401537,8.33519827582255,0
26.65905461991587,19,0.41299263501537486,0.6487838507572619,0
11.054169902947015,14,0.3674060037542134,4.218515545711197,0
29.793879481235926,2,0.4953204473545504,7.63615927349702,0
41.10322131329813,11,0.0328080798338507,2.382601909507127,0
16.1634745368372,17,0.193366226875881,2.4044577132649794,0
34.46853034733827,7,0.15374945355254643,0.01343532757675292,0
13.86043375088649,16,0.8029109342700682,4.942834067703604,0
8.168823432232838,16,0.5554489098501603,9.186117978602208,0
36.350868761814304,4,0.7606490076829701,5.126768930389744,0
22.827268637840415,23,0.7063429158615101,9.335456502899488,0
56.5727371770454,9,0.26759237565110383,2.1543103435542523,0
6.410361703070469,19,0.5104914705648502,3.9485216949287274,0
15.135312399292035,23,0.1450371477930531,9.915925553569894,0
12.336621445024972,16,0.7809972677439291,7.995307072840427,0
18.585779676293356,4,0.20482297329796806,5.7562970586047175,0
5.839446744620242,21,0.9848003941211352,0.8707754918822552,0
60.31089438231742,6,0.9729419208460176,1.304745444201384,0
16.05397763459332,2,0.16574375360264637,4.402547475140332,0
2.8778475555971434,13,0.007240220651587803,8.149301016385332,0
4.646368111348083,18,0.11704732151725039,7.413844363396162,0
13.35088065844982,7,0.40868914855348604,8.545373835009272,1
5.4493874825156725,17,0.779742619833885,4.052268152625345,0
24.28732225918234,9,0.8459781928754175,5.77471318798483,0
63.39901931219208,5,0.4824898834125725,3.079963179077848,0
9.687327885886814,20,0.8721419787351317,5.381323716456733,0
32.605757681388,1,0.8843384886104074,6.163092832512583,0
75.81886453076284,12,0.6035192812581601,5.160189591663144,1
0.8899585170221609,17,0.34281070487721044,1.9807868475877866,0
15.17608278550764,10,0.7448569012955544,3.3938434548949967,0
10.501194334849977,16,0.6703681345583974,6.2931664890333,0
9.477507738589233,1,0.4678768402575554,5.73897831344453,0
34.21379515686909,15,0.7700448325049101,4.484301942287986,0
10.22880078475972,1,0.8183979504571908,0.6232122925588002,0
24.35513972811307,21,0.6498366412837173,4.537295372856534,0
25.13661309135513,15,0.015617816329328238,5.664973113276287,0
12.342230685248532,1,0.46571089945801925,2.1879006135459313,0
90.58143351152839,2,0.43663401770462495,0.14406331630540503,0
86.7015511676918,19,0.8938589306801603,5.121375599457937,1
1.8843367057889915,2,0.5103108020644798,3.792195302535082,0
36.645135269061065,16,0.37485101469220317,6.898572888008566,0
24.147375368903624,18,0.3128336016292881,1.2579830696850525,0
6.825664765314176,8,0.5965380554157398,5.417819490941618,0
20.57090103261923,21,0.07122828037080164,8.995856585502791,0
50.91873994934131,2,0.8755703256768876,9.254445911272924,0
13.850663113921957,12,0.6203328770598556,8.795539806440512,0
10.704577946812194,1,0.24217509204833976,8.018919432460129,0
19.52879342948319,11,0.28549476156687936,9.380205937622927,0
23.079353239427736,14,0.9034537241394728,9.688519181134849,0
20.70061715217407,11,0.03293691141589283,2.8442698767789154,0
27.65845644719966,8,0.302702063111983,4.877334909496728,0
7.722109990685694,11,0.2937830951418099,7.0960667037410765,1
41.212165737280856,21,0.7457620831191226,5.080600816092798,0
30.97085811455508,17,0.20341508938520436,9.075248753438427,0
45.563391161012085,8,0.06576311365122423,9.745904573584909,0
5.563789483658195,13,0.38917011559757086,4.961574406066937,0
60.728676393807866,5,0.7187801516833807,3.307442103766398,0
31.81656883081388,15,0.05947141134830081,4.07067821849151,0
6.255146638016302,1,0.17168101830188154,6.785878124917212,0
16.721509925991395,11,0.6322817032262844,7.262488466224369,0
27.250171127286546,22,0.7066942749642081,3.780635492339519,0
91.44049843393151,14,0.0021680060953548352,8.463779465573783,0
8.085947604070377,10,0.936475980534243,1.2601214221336199,0
487.5395724637344,15,0.3793622754221253,0.23795038347965702,0
14.06270716164271,9,0.3616187722699039,9.79757577139376,0
4.759154918799483,14,0.8384344072563924,9.20306531887473,0
29.67018990338521,17,0.10956050752896718,3.0576230808249525,0
11.708802842322735,6,0.232305216869369,9.559986904174346,0
2.74176257108746,12,0.8539521089078338,3.1290059563790362,0
63.165924454117096,5,0.5634770765086901,4.720485539614842,0
25.621232627809572,6,0.6152520288140192,5.283745338069804,0
94.32456934008117,21,0.30553007416596223,6.386753103166102,0
16.128475559435962,3,0.5342670092834619,5.256654461312822,0
7.429758603226394,11,0.8398342150008608,9.114310715374456,1
6.3049686911095115,16,0.9823237742470934,5.598929850753308,0
5.637508746760934,3,0.38833958168671423,0.30135511272155746,0
35.57217322612378,0,0.16038024237255366,1.766162396369696,0
29.40207617143343,5,0.36141404525869425,9.581659275895804,0
7.872179142993039,4,0.3466489230951638,0.44545326349480274,0
11.075576853249187,3,0.3546184355218084,7.560940283192359,0
78.11356373880348,7,0.2544227716968218,9.766197287217615,0
29.604589264062678,17,0.5460704604191294,0.30037010148845744,0
59.79707375433201,6,0.9691134773862149,8.599527377794887,0
29.482295476160164,5,0.05303222521376505,7.0424779065455745,0
42.78335156390614,11,0.5724263025941588,0.3274399886325363,0
23.82858414393119,4,0.9558013333242321,5.989169787925778,0
1.9991407899965115,23,0.42115456060076706,9.161398687056442,0
57.19805409478419,0,0.5453936501193357,4.452213621499672,0
15.372269739499515,14,0.1087370464409737,7.434748986433738,0
16.58361020639397,13,0.5937712468514456,3.2567307890573813,0
12.657563625231003,11,0.38670391375292545,3.938056525674253,0
18.72222297036191,7,0.7271305544558023,6.885699553087865,0
8.768749774011297,11,0.500007266944116,0.3059441919572248,0
110.77252005510204,15,0.10726608377590896,7.3285204751142405,0
21.95586090622161,10,0.1582521638640716,2.6299542738113555,0
10.17624063737136,4,0.8831457943434344,8.484255833421443,0
9.636633222101832,13,0.5985133830271978,5.591857715064455,0
13.332228494057707,11,0.07014617515529475,2.883610788245071,0
33.93628487000791,1,0.30553203381853933,6.823250654169416,0
126.28696365702488,19,0.7570064527876403,9.14515506656858,0
12.254566955869889,1,0.5796395515983034,5.1741497404185575,0
47.25794019678427,17,0.8786015477895696,8.620892832681182,0
21.142157395309543,11,0.28698018494350486,9.359012475919412,0
4.6529633455418535,4,0.872808036688591,3.7544493868043105,0
21.237299519829104,11,0.4244818172115309,8.293530989354696,0
32.69163137362524,0,0.9706114967022172,7.777135381159058,0
35.85253110804092,9,0.8475289751164368,5.56394701936911,0
37.575120632513446,20,0.921713170526787,0.5508084797194146,0
10.096586844944264,16,0.8358309513082711,8.032650328600736,0
39.63104361168537,2,0.7441202996080545,0.5268178321312411,0
3.158519996185291,12,0.7985791821131434,9.672632246629167,0
29.14177539405067,6,0.5581044643069855,4.566637004136078,1
6.327201687302902,7,0.39150500416013234,0.2677997651637565,0
59.726705623245095,10,0.4064660912579544,2.3054065273819746,0
28.806521053198026,16,0.4285434542050479,2.295361945140754,0
5.269894751749602,9,0.5049170949158773,8.635762419488751,0
24.41900535684129,14,0.6776817372616241,0.7398235533661734,0
24.527476363135218,5,0.3661419633554238,1.724957990577085,0
15.963583560538453,8,0.6816814334266328,3.670416804233864,0
25.392200504912655,1,0.33636754692289184,1.7728652048813887,0
29.099848950703308,1,0.5721760494483826,1.9195163879897081,0
10.700897721303008,21,0.6590057485936033,2.130348553897925,0
6.088150842981398,11,0.39193301981936035,1.4248032285659162,0
7.242554760912197,16,0.5439362155550377,6.185663533796459,0
16.643795131007387,17,0.01632723607842712,0.708276561438308,0
47.31006006108083,11,0.476003996929377,3.566306716199045,0
7.907492810021531,20,0.8213054935868392,6.718073670201288,0
10.993295569016775,21,0.29894148510057617,3.1034506852984736,0
34.32754360307948,13,0.2657567569749626,3.4377887868642407,0
18.78269472729979,20,0.7724127664415351,7.679771026678744,0
2.5685331315657463,2,0.3207235348928762,7.855758736598846,0
25.512587539373637,5,0.38904338240020253,7.404420871108374,0
16.21615815293481,3,0.8212971890337144,3.3293368324894166,0
7.021165878996863,12,0.06428442057267825,5.305982168305627,0
8.818316871803273,18,0.9348238609165324,8.735759458170445,0
27.471198844758323,14,0.19749179983479437,4.269134904776558,0
40.84443177190961,9,0.21608958042098791,2.728854245684713,0
7.52910737724203,6,0.7737362574457101,0.28782591818095615,0
20.721260785104235,23,0.12141535269452797,5.707141741095213,0
13.452609977309962,10,0.14080107638806783,2.1503442696082695,0
12.00367808168053,23,0.0913911717596837,7.293681670908691,0
28.18452975365291,12,0.6049795650510986,0.8418540203213531,0
15.69947174139323,8,0.8416971859632155,4.138789226262989,0
17.805117215496836,15,0.18001281402708746,3.342631575871071,0
38.11986808787839,6,0.3950385103031513,2.796287216549037,0
10.527942041999449,5,0.6800842164970997,9.88708709617217,0
8.545635155624058,15,0.30516598341975254,0.9897454605239753,0
90.38433639291424,4,0.19433023954072626,0.024514891036058195,0
58.441173053652165,4,0.9062365526540708,0.14888090527159337,0
18.579971534009317,12,0.7026309331986709,1.031576156341265,0
8.718867938415176,14,0.9252725202288307,8.485028822367505,0
66.76336095878538,16,0.7811152528809832,1.6317985908196886,0
15.740932551584809,10,0.3478970008489619,5.730694237955252,0
13.131323704064,13,0.025456243800761502,6.363571640450183,0
81.79314163050809,22,0.4670672476488591,7.669656920823512,0
13.171580749484514,21,0.3672128197579596,1.3057777522388514,0
25.34314490324969,6,0.5050686591606921,1.2878744660322317,0
9.910523926771866,8,0.012297962373752136,3.105994978396567,0
11.848828744063116,17,0.5334365294968288,1.0309518764621428,0
36.280993436483925,2,0.41302714480582425,2.772672427120919,0
28.44584722275635,8,0.6803157427686557,5.943494244537617,0
93.73096730464631,2,0.2691379813025654,4.287461877994296,0
60.81083055652194,13,0.8189183764952689,2.96988952324139,0
104.07529782879244,19,0.9298349088282244,3.359739382214988,1
104.89806362009794,4,0.1655790782348997,2.3373293468231306,1
11.151727966048378,15,0.6464946270750993,4.478468352920906,0
7.384076072262012,21,0.6335783228545364,4.590775728745791,0
94.62262455008944,17,0.3401762632895071,8.960423567896905,0
9.990566386708116,5,0.11372689725851981,6.680078034004367,0
20.986515193890074,18,0.6687277170639843,6.305777620037966,0
15.379491264327935,12,0.45551414210197394,2.6185300277981205,0
8.327153618870858,6,0.19124703912957075,3.410170099862021,0
11.40722461908664,8,0.05724901278939587,8.723534131234647,0
8.459297372089068,20,0.9460511723824074,5.6610478314483395,0
4.945831627912391,23,0.4088050985670739,1.8017844632092872,0
12.79717212554834,21,0.7487303445707896,7.263927072512235,0
37.84344603924813,7,0.13654024681840893,0.6422977627427084,0
111.06904006870747,19,0.624187423692344,8.934975454105508,0
24.543891595943244,22,0.025033682467130447,5.461257806082539,0
9.73451685390373,11,0.4223535357437903,9.804738636021105,0
44.050709125376805,8,0.24547603383689154,2.764084925930035,0
16.240239674501684,22,0.3353821064046535,1.1039354254327238,0
24.646966390299422,17,0.6241689755630802,4.898993612404916,0
66.24197852365056,20,0.3548289887798447,5.476530696974385,0
46.770670553205356,0,0.24720687258017549,7.530807207337159,0
2.3730609949022363,3,0.7146579869090478,6.009825112184006,0
26.456222264443056,8,0.5419829903776551,4.02122019164662,0
13.259910279183574,8,0.6273017539471515,1.862215507587196,0
21.602842347163946,20,0.3823867680095776,8.880732223616192,0
6.54389659882607,15,0.25557194180207066,3.126559680133323,0
17.791828814287918,0,0.24965517007199722,2.134405435394291,0
5.777053168661352,16,0.9922865949906196,2.642488732931829,0
41.95033126054646,10,0.6660014489926965,5.462128760879325,0
69.31967674269083,13,0.0999513924057065,0.13701088908491754,0
9.85422984994406,13,0.6432728462914044,7.755336826160992,0
92.49907130204419,20,0.10324481010431186,7.922041151510452,0
40.822635442819085,2,0.29958497125515204,8.756846851712268,0
38.73256677122833,16,0.8455043767223788,8.170558490200072,0
27.95617042653739,3,0.9143573172627347,0.8813609551189994,0
41.188055162786874,0,0.860018400193545,5.297492794600527,0
47.93303674319398,9,0.5543721943858188,1.6798506908961786,0
2.736700183263502,16,0.4531137527565059,1.0433039216169981,0
33.37952170989973,21,0.24570262117180053,0.03688761224319714,0
117.2868778957584,14,0.7981360232680363,0.30575617530837484,0
21.862292000925184,6,0.6228010734428354,3.5218497175186547,0
46.41675355892796,19,0.52950589839159,0.18257535518169998,0
13.416174054790474,22,0.25898834699579276,4.283631649894825,0
3.1641456525344704,18,0.3103023844807976,1.3257992555372389,0
9.275815261019336,10,0.24518758848008648,8.24271425142339,0
273.1084691535338,3,0.6378330752207355,3.8206028631354627,0
261.4506527046187,4,0.6114483800201126,6.3955461930588235,0
14.787197522754289,18,0.1713722926436655,4.725635142010996,0
28.660109444416786,21,0.3319431566801303,4.574710754498662,0
79.13240825101946,16,0.017017727817617123,4.738607658078084,0
21.81581844486336,17,0.17771928383271296,2.7930824462851533,0
38.44661048107364,6,0.5286291853287709,1.236906699232545,0
138.37128162056632,9,0.3775239719225971,8.842461101560682,0
30.726628167332926,20,0.5872456410691065,7.541444519019419,0
34.60358494825481,13,0.42117587503809095,2.5077486632039,0
18.46430724721356,4,0.0936131010572826,0.16670564221978545,0
9.87392752396244,22,0.6666022439939391,5.287749646980302,1
51.79909022441138,10,0.9448106838426774,0.8959215381003938,0
80.20106472302902,4,0.2734284820361399,7.110621590118188,0
9.712490436607021,9,0.20758883767991476,3.062796477666838,0
2.9257004795567303,15,0.8380607857385788,5.87854600627073,0
1.258894785136403,10,0.27099661657700813,4.396209128550968,0
26.807311293645416,19,0.37791721606878126,0.8932212559407215,0
18.99529682453777,13,0.22218738645905256,9.782509250517748,0
110.33951167590891,6,0.6286152088744617,0.012464798077118644,0
16.085415628751413,9,0.4500655764619519,9.328994817543787,0
81.91487299555133,6,0.3698990485316368,6.982310633448904,0
9.41328009112289,4,0.26074979379103835,5.481666252795836,0
34.469665032688944,13,0.9546211565589329,8.284139249760269,0
11.956243840586504,7,0.08543100790880298,0.2859320626847828,0
16.62814097255552,8,0.2743806269770741,1.3712111231256363,0
1.2117456893800114,4,0.34585243123769116,5.995175310136959,0
5.770381999111445,0,0.8176478580736917,5.3256007240065015,0
12.619378838268634,19,0.9517306647384727,5.495928778937352,0
12.537441317461626,23,0.00771134895799408,8.53707477906245,0
45.49619816888598,6,0.9598673390106417,6.66185079618741,0
7.4100415002348,1,0.9619998361635437,3.5386715714787798,0
45.898258576623505,2,0.911346553615284,6.074760944367659,0
3.3752415787899332,23,0.9196561748732224,6.965207456255468,0
35.025039210806995,6,0.8026010057002589,1.9318730224161818,0
13.44269802233581,13,0.30016126564244694,0.2645919804975261,0
7.114041747244049,12,0.8013285063944443,5.038033459571881,0
54.49568529150463,6,0.48909344975432045,6.750370661882155,0
112.55450483505194,13,0.5405128403801961,8.687048758792088,0
60.71569310839747,8,0.022931617846346786,5.820742519119571,0
21.2196710497382,14,0.47515519292157093,5.8715256884958205,0
104.43621759233692,22,0.27087334861077605,5.064954723182105,0
34.2809163723227,8,0.3374130533832971,9.246447835284794,0
17.257122740651603,1,0.47545620694437174,8.592574140116474,0
5.764990090492305,4,0.6878995651579228,5.081391815281893,0
7.431165406704767,3,0.07585014743109153,6.767133454083725,0
51.02856077828337,19,0.604522992958966,6.523672361034655,0
11.743455292339142,5,0.30037079620149376,2.4784705234507487,0
6.502491797878278,13,0.8271314833758365,2.3747394506243555,0
32.50425881794909,17,0.8940556410276261,9.990795429335375,0
16.787035508291964,8,0.099641823598134,8.226921355672838,0
17.44583137595345,3,0.8747568696210709,7.4619503558224,0
9.525200510519223,2,0.5411928173905931,9.24625896958084,0
1.5423093399840822,21,0.163850315654813,7.290283069977241,0
6.262931173722792,18,0.009469679681536447,8.034557698393868,0
3.9447215138118445,21,0.6045219338657458,2.8825020100548846,0
51.42144990813275,12,0.5320565293766977,5.0789499546606764,0
180.66949807347592,0,0.7156715655143691,4.273672166120235,0
16.92261695085345,3,0.506780702939193,3.2594195756368407,0
1.114174867531823,21,0.022243109240476455,7.41876756994897,0
21.762204049342774,2,0.43264002257245426,4.5778940930838585,1
86.44489315867742,18,0.8411216061394304,9.151500702921819,0
21.437529368244913,11,0.3826182456268483,3.9951375984197304,0
35.444322123518916,6,0.26220340561830613,4.384678962448259,0
30.341462111696167,9,0.2911537849532134,8.90457989926018,0
17.10258663322179,12,0.10528746770995501,0.2955722417494655,0
27.824950606028064,22,0.38364369816454846,5.1729757605456586,1
8.453290023796894,4,0.7786171008690407,2.4912419816573728,0
20.062629412044494,16,0.06010889714181267,4.2933040219170895,0
20.727782958078897,23,0.9167280784905019,6.683474479894949,0
2.348849079423316,2,0.4509205304573749,6.1955291047011745,0
17.63605248132448,16,0.65709352546111,3.4076155870563873,0
7.73671154355274,16,0.3732176272202893,3.18335760185557,0
2.147122024878045,8,0.26675821694226987,3.666196702008848,0
18.96717182719418,7,0.09438532898234209,7.392983753135503,0
5.313246183284434,19,0.4715418594244444,4.464534073117967,0
14.14522614196713,13,0.41887704978605744,1.4575121262877588,0
21.576062337967603,18,0.5723210632370164,9.179734144005664,1
29.985180275658447,12,0.4018743902998956,3.4278976526963314,0
99.89697907336515,18,0.4476915731449498,4.567765040808872,0
1.2768331635735046,7,0.7882075356576277,5.0789717830257475,0
17.827760504779185,8,0.1268834149373037,7.1569710886263485,0
72.87826614553299,17,0.40773720223155496,2.855023131516635,1
11.836381749104126,21,0.13956451718992247,7.709798097896079,0
25.31074842667984,11,0.9373140374433949,0.029031392728021688,0
12.533181484850772,2,0.8288911415718033,7.411701569631951,0
7.030926095710264,1,0.846972035399712,1.6790619353394887,1
131.46273361665436,15,0.13711601943858542,1.8551868564033513,0
21.52491507731293,22,0.8753303539003299,5.415056132637756,0
37.185811528451715,23,0.1431926790681799,3.0743590973508894,0
84.01849794072356,15,0.4659817081289034,1.388813154687587,0
33.816123784041984,3,0.1000556507219833,1.8161882429213838,0
57.597006633610896,9,0.9301160838371805,9.08587752892278,0
29.519867309760684,3,0.9837593370668577,7.076648834305725,0
40.80473440055849,22,0.4232718686958722,1.5483810414812427,0
10.25370959438076,12,0.9493169764721395,8.053064434747743,1
24.07778355143336,7,0.09283509576386606,9.569837005288889,0
13.04294554791433,16,0.9106528963826143,1.0223641508675385,1
21.746727627999636,16,0.34436393895317285,7.099229527096124,0
2.5271023276128064,4,0.6677431593698071,2.696557659684405,0
19.886555214229105,1,0.35776244693654913,5.36932694105309,0
25.345764284898983,23,0.5989150349111519,2.290077665454265,0
11.227700597452571,12,0.2292561892902223,1.426730059767225,0
34.01763547796017,10,0.625029362263482,5.514384082451173,0
14.26248807745843,7,0.5090587417131904,8.31591335151517,0
28.805420171481984,17,0.36229997851916185,9.656652251194467,0
90.2350691703942,1,0.4391912077719152,8.091979920316883,0
8.34161744195967,21,0.49928447716074986,2.6025207300714417,0
8.582576789554327,13,0.41598016696288453,6.375441133542662,0
58.9190905252743,13,0.06977266096237955,1.367521047754926,0
9.23745949666932,12,0.787453797370573,4.12622648528438,0
24.134432799739248,10,0.6643169765827565,1.4878064594989426,0
15.284818701781557,3,0.6811481226613871,7.7129323791404145,0
1.6597924161476192,8,0.05147373219069562,1.496698537378054,0
17.52682447931602,3,0.77281364938805,7.41869362296344,0
8.120541888033081,23,0.7759252979293998,1.0168445468550547,0
24.175724454415555,15,0.7946146369170611,5.442401034040454,0
45.02138200937486,5,0.6146468625007742,2.068519299115997,0
7.766085809333248,19,0.5144849029961016,1.4907308479731385,0
11.188866671851798,13,0.8727241953417275,4.376577160739872,1
3.999340204039163,15,0.5824546340821232,9.636169989034336,0
21.699577814908896,15,0.09281622991131588,0.8715541108858038,1
17.040053860116917,22,0.3484843089336027,4.440123148580123,0
30.622945826204276,19,0.7131577614347823,0.9259322309335027,0
26.0555294140233,0,0.4110787098836183,2.436429425040074,0
24.394631066922948,13,0.8002669975377156,2.721437424448375,0
11.394936560293507,14,0.46725050063079465,5.069451405173595,0
48.987561169227,0,0.38529198999065706,7.822944485748577,0
35.06679416655059,7,0.34935667609526133,3.3455000672878956,0
30.18930559864387,22,0.3149568826506055,7.80226739161776,0
17.176624160817983,20,0.4793348471996277,0.16171609491350547,0
66.12796839663572,15,0.5992257437160565,0.5555009015679124,0
30.257019507496366,21,0.9247951875561797,1.694816769442461,0
24.367475349919008,23,0.731776139281182,4.477827154193498,0
4.5290730861468695,2,0.21144844289143816,3.6783591732572463,0
57.30477814316302,18,0.45386701048661093,7.238183718716393,0
231.19619485163062,11,0.3065960740096809,9.928287940544209,0
12.724342195821889,12,0.24283520910678447,7.981422481406373,0
12.639557381290286,15,0.6582504166184207,8.176149524569807,0
12.481068791926385,9,0.11268026515147633,9.877913367247475,0
14.214455257402566,16,0.02598285445231374,4.627526107471293,0
9.672973099149587,17,0.41357185167051314,9.665606204549643,0
115.9027555832958,17,0.13737463555831697,5.840793756502443,0
42.36619840284523,15,0.5109103168128929,6.767594330544054,0
24.256747336394074,10,0.550051361266638,0.29687662320276975,0
44.78602056245117,6,0.16576387386747649,4.682803074530987,0
43.14866278008875,23,0.6966725459350479,9.748833377007069,0
8.131475486771876,11,0.1140103223879193,9.319737759048103,0
16.78157033256613,15,0.617454632187926,3.866303566060465,0
25.622906982441542,10,0.6453970315912346,5.714459851060062,0
38.885943469554974,0,0.8094088141810912,8.485855342601221,0
36.18980940740264,0,0.8868602277185439,3.139678017782029,0
20.116551201124942,4,0.6702341625832403,2.177530664918812,1
2.8632532253586933,16,0.6207394815751965,1.4818039504172675,1
4.413886971520079,1,0.6773313111464179,1.2653215679031515,0
12.002587652133498,15,0.5274123179576331,8.91667946345321,0
58.71151347840839,18,0.6168862863428229,5.795313581420604,0
20.99468037140938,12,0.9059637426645578,5.361117840100348,1
18.54638145352873,16,0.6943559432533402,1.7285131997937586,0
10.399802839181932,8,0.30119974585163956,3.9712563929406963,0
16.271032356222957,3,0.7149938303283302,9.904539482848376,0
47.77356119592776,13,0.0906031452248468,4.822404502053649,0
19.41601554535999,15,0.4530770300972756,0.5422004345693054,0
23.58289725039089,12,0.393047435158711,3.981299937355929,0
2.0007798148184266,14,0.33435172955210934,0.5410460598413325,0
5.926710531229424,21,0.6232962145515611,6.511406093449353,0
45.55944007906648,21,0.16914174272562665,4.1933338828549,0
21.914385916296624,18,0.9419906027529021,1.5218350687311,0
15.845660836282805,23,0.2574874203235573,8.470703167260499,0
8.323616745823369,13,0.6935947486419878,5.897562834069251,0
9.401336947247126,5,0.4376864162344547,4.851960239276519,0
15.303509240672815,5,0.20463154846077547,7.920193233483399,0
12.306496965174547,12,0.4238829082500465,5.7399890711307044,0
29.189764561111062,16,0.36241928152995373,0.6525782896617327,0
58.82145510672763,22,0.7803174190868248,2.5787883980330015,0
50.538510189232845,19,0.658588906608282,5.735327209462229,0
5.905186386212939,23,0.8331561723078708,1.0550440714064468,0
26.562896529465476,12,0.041615980859498025,2.5006224760993367,0
91.56771835035423,18,0.8327694586767127,6.064388459787898,0
24.203222027521647,14,0.41171113525925906,9.255973644068149,0
50.941498423266694,19,0.25853912372383325,7.322794909772318,0
78.91266252240166,13,0.20391078081995362,5.075662289698507,0
25.32373480149641,10,0.3466387032373198,2.1191137581101547,0
10.423492619911876,0,0.34621992592801987,1.925937921561881,0
28.283416656919915,16,0.1425294219908746,7.761251080923347,1
4.881021019765493,11,0.5994306257176882,9.26531539100854,0
25.21062645118677,18,0.0826213983288695,1.2049378295610536,0
32.15811874138128,21,0.500169782010174,6.752943588108656,0
2.3094691688501836,1,0.3916635517626966,7.278632176890987,0
2.6525627020104348,1,0.8151956964271104,5.102650980651379,0
44.51387991533027,6,0.22024077527593444,3.311686938375167,0
3.6032944419428734,20,0.5600631960829455,7.083882006915932,0
6.274239259074946,14,0.11814046364598896,4.573867756729396,0
28.751467654367474,12,0.7169059139045658,4.584706956835007,0
7.417193431266789,11,0.32496170371042365,1.0177592173413719,0
19.273636158095396,10,0.9590479903057948,6.297680237949149,0
39.858965865450514,10,0.9069257708912531,0.9116313786065111,0
37.86293135405354,18,0.4786600327152656,2.7912143894049066,0
45.141006686573824,3,0.7893082061183523,1.8008176555105493,0
28.73931478031577,0,0.07422314224823989,9.45123609791704,0
60.377261097558375,12,0.7823170347190745,0.8022030852572992,0
10.803045296472728,11,0.44760323498052224,4.6249874806345,0
16.974947938848402,2,0.0946271924465244,6.129226258339097,0
18.11173311346585,19,0.2783439112200924,4.660413320504219,0
2.016426560995335,12,0.29935771250564747,6.6182892184086555,0
20.159637714548463,13,0.716725276141388,0.31530653634644246,0
58.18837460099692,10,0.786519301098562,9.273604509022613,0
26.80553642869373,9,0.5333281250970726,3.54768527696565,0
40.13147099927578,4,0.3307617370146164,4.328439812401292,0
16.859098817884057,7,0.4074497399249456,5.378317181730136,1
48.151596754641226,15,0.6249568628192346,6.443096728735311,0
9.69535704704696,4,0.6314964575983388,1.2556211254717675,0
25.583708951779183,20,0.18109285204755032,3.6701116671882272,0
187.5732845895696,7,0.5005804073272689,5.961553329908021,0
46.87061807904551,2,0.5673570427134362,5.27918852405023,0
18.103840592222287,4,0.7495687888209674,0.5165089572580206,0
5.491827903118019,12,0.4671177083017596,7.500729543345902,0
80.2850760678931,12,0.9366440977090564,3.8697868352660403,0
140.07543696601647,4,0.6656064475919928,0.1944996041018121,1
145.30105555494828,0,0.7221418634677684,7.966287740950902,0
32.81507169109423,15,0.5864153593647635,0.057563147421296756,0
1.1390717861896782,18,0.8454495454899255,2.0213842409841543,0
11.430183412141934,19,0.35957833576936526,7.245392388780303,0
90.93347260896195,9,0.03203513353973653,5.931036593872355,0
20.771452993865584,5,0.11452592721275334,5.580278590498061,0
26.33548347966139,21,0.4283772357285238,5.067607248251528,1
18.08398765158457,15,0.39235775445132137,9.581535659441553,0
22.47911401236479,20,0.44706833909902033,0.5962919326187699,0
7.375781045745813,10,0.5389414640048855,4.622034180276014,0
4.900755475818506,1,0.40784340667726704,9.687075881633145,0
2.802017614099035,3,0.04624704078328268,2.6246923523764765,0
14.576732349347296,12,0.7997170952640743,0.32899757266874663,0
3.9283199446674337,4,0.9347202628267305,4.754560464178425,0
99.64319536031869,6,0.579028015513202,7.709632633601691,0
19.48639083452315,12,0.46796989990726345,2.0109656701550813,0
10.899481719582624,21,0.11402666451687671,2.4827857030527642,0
34.367453578062914,1,0.9232115085617525,1.6116449584592074,0
10.874584678424258,7,0.3616656315883585,3.5923893920284247,0
122.34786236041172,7,0.7754032722971615,8.846481090091732,0
23.63797804666881,19,0.19337638581341254,2.030566090894542,0
33.980676884429535,16,0.9089667078994946,2.62455159196588,1
40.04316334350826,2,0.7120052105609357,8.848046086007168,0
6.557745401533344,8,0.3133675325700238,9.288948530214945,0
2.0847767414181497,5,0.7584926372873498,0.5343543013643259,0
69.52511974475058,0,0.3042842830457726,5.407935828164609,0
43.62279223428403,18,0.2147346519983777,2.964678212590538,1
71.71287737861039,7,0.807688268775534,1.689030226260404,0
11.190839604057507,11,0.9299454743186999,5.181543532559894,0
78.73506850687797,1,0.05187500660214406,7.789423681575292,0
147.4856921606106,8,0.08703470698255378,1.7160410853968788,1
11.694245352483426,3,0.886220428370119,3.22976887961525,0
21.583337277418533,19,0.9472424580619765,5.688454794171513,0
54.09017146357283,4,0.7062750345772086,8.921312916734525,0
58.13773872103892,7,0.43053393361962233,8.90817139392147,0
178.6973721755974,19,0.5173440502889559,6.594494403786616,0
43.70774790206567,8,0.3709913778706747,7.362987300642121,0
16.2883539896682,2,0.9438477154991899,1.0926778045157282,0
38.00266049160757,8,0.681495983376239,6.775298362106016,0
3.8461742792663163,12,0.9480014029659473,3.3529283738584112,0
87.60700271127173,16,0.9039980602601163,7.133950245051687,0
17.104221345720624,7,0.6853916720513051,1.2801616286801354,0
10.637036887069874,22,0.23395187510905524,5.8316695277199955,0
8.580154490836254,7,0.4493069222386691,3.590804053878914,0
14.28322536145032,14,0.6738808682857802,4.276389062893889,0
4.726698281807942,17,0.4689357954702231,1.087067353975567,0
15.53869331586041,9,0.4425204242674394,6.89919472862636,0
14.881207611443475,22,0.4230784713079234,7.454411523982046,0
10.2612742164276,3,0.17869303072171938,1.3436728659873953,0
16.488865035041087,16,0.38548353715797257,5.036307276876052,0
21.634779740988932,18,0.9878291434508693,7.870581919039501,0
8.807080580948323,4,0.2565092567171058,2.232524300778269,0
30.859719935695793,11,0.3104939410496843,0.9187444835590686,0
11.20455907605329,19,0.963340218794431,9.114394412368197,0
10.367401196298436,23,0.5120604141112884,7.6306166580282415,0
57.46269092505651,17,0.7717491977713057,3.0391641510375376,0
34.8963383610919,23,0.2463114256446718,7.332907369739761,0
106.96134168020296,20,0.4026663405749098,0.28828210202883175,0
24.590275329788618,17,0.6222882587237775,8.079132121574867,0
25.921714022503703,9,0.2505235801379626,3.88874560185691,0
49.07629930399498,11,0.3847739496460948,2.6481750267024906,0
8.578763557196808,7,0.4759772083230268,2.102904115851918,0
12.618369011322777,0,0.8414750661236756,4.127439940804162,1
64.36071029277431,13,0.6926736681680403,6.522120088679076,0
27.304548443028086,20,0.9163817121311322,7.9439270589463975,0
7.128212095202755,0,0.9669506207842935,0.19302089506939235,0
83.71219874209903,0,0.4727928941562882,9.406155378056857,0
7.360422982659495,1,0.4200169195453488,8.370677738807991,0
34.34136328773223,7,0.560541295938467,9.59327379825938,0
20.292277144802508,9,0.8978681610046393,2.5703671095088954,0
5.115559619026326,19,0.019751625075821178,1.599337802598878,0
17.27493144843226,4,0.2319753016866969,8.747718031517326,0
34.42222581054906,0,0.8376011481925122,0.18536058001060174,0
23.285887468700537,20,0.5220584268106271,4.1551853888250605,0
15.390975452029217,17,0.8332990374471816,4.297534778073139,0
16.235650567037986,9,0.6515768836224948,2.2618629726035433,0
38.736755804504426,6,0.8130330033089481,2.3170422615611006,0
37.41485164656112,9,0.41839954290573556,6.672231632031523,0
18.931864323946332,5,0.009971441312567775,3.1940402279707483,0
44.91277383043711,3,0.6739926736906295,1.0360998365251306,0
65.3781574219715,7,0.4970392729162837,3.3791037453657347,0
25.120392167427667,9,0.9833558109351497,5.002400138983395,0
7.22857748501794,8,0.12024198175693923,0.4103318240500853,0
30.81961826411332,22,0.6195289003822215,9.907464948480115,0
39.66855819362553,5,0.3012276474152349,7.0782298685098635,0
28.207330957487642,6,0.5023534570084031,1.1335718214248969,0
9.385050951348251,20,0.07334026485894174,0.4328189047502329,0
12.531265546593653,18,0.8610033950016577,9.911662243263773,1
67.70024861254109,22,0.8914822324978656,6.258820748075781,0
45.75204057683895,3,0.4916135931346235,5.9988886226893365,0
53.813910635304815,23,0.08352747198058064,2.2185964727682626,0
66.46201252815298,4,0.5811432201297945,8.7472294579294,0
8.781277470022943,4,0.28668014551842846,0.7016031215572338,0
4.9611144161614735,4,0.024977032818073952,7.660408888351386,0
56.75071316786934,5,0.8297036656948658,1.3341468684865276,0
2.082425755519797,19,0.12904032227838247,8.029197020016314,0
134.05121134569526,17,0.9251385090491878,2.1459692462634097,0
22.883366529074756,5,0.6631018106806161,9.74680969403418,0
14.580505806378822,11,0.14306612769373528,2.030189293746697,0
13.570335513949999,0,0.2662571259337819,6.00710122446221,0
11.551136417867275,13,0.976620219694043,8.6781869287684,0
31.92701828032238,3,0.6485476543225659,4.330899368413441,0
18.0118374900887,21,0.48206837412415504,4.716221713519301,0
45.27319000181606,0,0.9540699610032344,9.465450029525025,0
61.981242436771815,11,0.030424409885052572,0.7224035502383008,0
14.690637582972546,21,0.3834915567895353,5.122056631963532,0
32.74494777136373,5,0.8182441219913773,4.008108716888765,0
26.88893146504643,13,0.9551293681553435,4.958781042031733,0
14.780678377517791,18,0.7840978180505516,2.9412652757499993,0
7.800613172806442,16,0.6372738752637359,0.7158099568842691,0
9.074915068116583,2,0.12859402920287688,2.5036907460127047,0
62.55903804306744,16,0.5368084564210246,0.21185833648577512,0
15.392844294622652,23,0.5746572559525146,1.23337644170457,0
26.672705413578647,6,0.8282790773818993,2.4459536958203176,0
83.48711771851565,2,0.6690617305694218,2.954298596095427,0
10.918712782423647,15,0.8454625126325553,3.7602166822247884,0
30.762916231233877,23,0.5806811262465872,8.996559790781738,0
30.51900628579883,15,0.1355114181399798,5.655134312118505,0
13.762684104513106,19,0.7492578698824489,8.943369058797122,0
21.207130261848768,9,0.6361747278267236,0.6390380034823007,0
202.8042854373296,17,0.3481687263202021,3.327405055174496,0
14.255561443660138,11,0.8195736825936667,3.861905717903249,0
13.676159535696845,21,0.8832186686548908,0.6012458424283595,0
9.63365333690295,15,0.7338979386131891,9.228777644360873,0
18.472181893993053,8,0.4840114725253033,2.877079150361724,0
26.903777003919856,6,0.30930274382409995,7.816690091091577,0
84.29463163284358,4,0.22857686415069634,4.675490888169691,0
24.381248738259135,18,0.8305914688906809,4.491477583407094,0
38.940501447467646,20,0.6507841867420359,8.479712870374554,0
7.7767995257595866,22,0.6407369081833859,3.3448637427763908,0
3.135332988118895,18,0.20044953530148735,0.4099398758504247,0
51.63426131131467,1,0.5556214962105022,5.168109961093337,0
10.447920679302927,21,0.9875056479429006,2.381968248749482,0
1.8764454936426893,7,0.4466815488971969,3.4465428796724504,0
118.00776372674578,14,0.5516824749937939,3.5856835503597626,0
76.3415875962302,22,0.8759805972451831,8.895697147462627,0
16.68799467925853,3,0.8737571557378966,8.687486700593517,0
9.26672039123327,13,0.06605324588769679,9.339945166011102,0
6.56194868824359,19,0.9028476955961944,5.758526294737301,0
17.04982697967617,3,0.6560984155639242,5.941567465164354,0
39.84874040639163,4,0.34244938647845446,4.910302370331555,0
19.942595428028817,6,0.7668487737604317,7.345406191343446,0
21.25321885975246,7,0.48830491446327196,9.226035633352373,0
125.51237793079788,0,0.5481326358257801,0.2545565251757398,1
4.39932286139221,7,0.6377521779993931,2.7309820545397634,0
32.31914328633199,0,0.8064437975951503,0.5153846727799782,0
42.6067076595322,11,0.4717206812075525,3.4041098063703643,0
17.149557627826834,10,0.2595136216141608,8.480742234512201,0
83.88067446781119,14,0.612379116683844,4.827625800953863,0
55.17717368874362,4,0.9715805624596418,8.905586688269494,0
32.43080380638134,11,0.09743937278582104,8.60073464274761,0
12.529927403705098,3,0.006646391960258846,1.416208882657335,1
7.217492770120731,5,0.3882657764833596,2.8362444641411546,0
4.0105689029053835,16,0.5440550074745419,5.553546664943526,0
82.05324335318156,0,0.510968617853063,3.6608527868024723,0
174.3253078670532,5,0.3150817805361408,6.192503991443186,0
38.066563907798894,6,0.9333569872277605,5.966726256349424,0
24.514099661275328,14,0.24390483878116087,0.3189471686745249,0
23.18212901404478,6,0.12239854706904973,3.9804291354866472,0
26.698705878139457,7,0.22372986566239816,4.490453262737332,0
55.99021263880115,16,0.09723045745745318,8.898371042214627,0
3.8914240852995405,19,0.8458635869704493,7.114233626098283,0
21.575127884551534,1,0.4015515498640134,2.325914545222545,0
12.606509412966096,13,0.8306478004358301,5.851623368083491,0
25.026037094551032,18,0.6379618089967385,4.159959077064295,0
3.3349795259583783,14,0.4745447910415873,8.99937104582214,0
7.481502682719783,16,0.10232258521615134,0.35453001806220574,0
5.176299176382344,9,0.03714025633398643,9.965673594532678,0
33.179528840160515,11,0.5573574545476929,1.345089826201662,0
15.786818354456209,5,0.20003519686812066,6.311053132233109,0
15.932563809465435,22,0.44303951167538014,2.970580272037686,0
44.28305497544784,19,0.9464278133337208,5.09057156091712,0
13.301456781807136,15,0.13367843561622006,3.0373486930186235,0
48.92597714772947,3,0.7065564770891705,4.35659636435899,0
15.897193267997427,9,0.212094598222476,2.314375279102748,0
47.122027325617545,12,0.2409085638465326,0.8263887474076004,0
53.478785118150306,4,0.638653134496125,6.229381551347187,0
20.54158067372989,16,0.1308776358383743,8.757568216067547,0
97.43776043492595,20,0.3876729427435742,5.6117264386171515,0
9.157332503259324,2,0.38020846670776876,4.646928896057512,0
11.422314762344323,2,0.4553174960600339,0.2730810178172094,0
1.9009159854764714,22,0.31850159907537046,4.914424795453945,0
18.94636036152468,2,0.2733685444434302,7.3626567590493295,0
5.7089026820589535,19,0.7819474459203462,1.5811788775451108,0
74.87601503272883,19,0.07975492624562774,7.644408807618134,0
17.220964817346633,2,0.8498200977088362,4.837728260235617,0
11.424984385705995,13,0.8383838512046939,7.628740234859465,0
28.47511379397736,7,0.9326189763670841,1.4870093918140803,0
38.48961922465182,0,0.239733795054776,2.0174917336899956,0
5.575633366231925,4,0.9163829578707599,4.46190698967151,0
12.124770000492422,3,0.45043073369308284,4.766968693448279,0
40.663794188587254,6,0.6837575078129398,9.941628430634342,0
22.360126164043866,7,0.8517799735739447,9.861542800294332,0
51.31714014714847,7,0.06262940820794716,4.569066104324669,0
24.363337436626395,21,0.034719577817158065,2.3980162834645724,0
10.247656377828179,7,0.20180838955513225,6.926368603702033,0
28.91449110832923,0,0.5607378210114129,1.9359834083545324,0
45.5841014146691,10,0.778102769269922,2.7629524889614476,0
96.13019902844675,19,0.7754687051630009,5.388985730405648,0
31.099317799085803,11,0.8930632176834646,9.45488706028863,0
17.55813898968383,7,0.5563558600929475,0.28994046633706305,0
10.965352912742423,22,0.5602246137191523,6.744107075787079,0
15.676722643465595,18,0.07840402103386535,8.652041274980576,0
13.527372172693376,18,0.7652755399654958,7.337209536983556,0
4.19137457799049,1,0.4805795253554421,4.819504377084631,0
10.450235763950177,11,0.2087034972509566,8.573993360931485,0
47.95567322271049,14,0.1250887484241867,7.823065496638159,0
3.9088050458297756,3,0.8891807664415058,7.337086135267228,0
79.88082922619513,2,0.5764081478965346,1.061253871928508,0
21.20797412207221,22,0.618199259563949,7.04688315168621,0
3.5585585450307184,8,0.24076079860215316,1.5559044470164052,0
5.128993960324143,18,0.5503121872604723,8.98050430455659,0
4.034343112392209,19,0.15903172462489445,6.481355972777619,0
16.88052535461379,17,0.41887126521376883,8.778485602168441,0
17.035969252775075,17,0.2460893003555057,1.710402060596864,0
35.53377460594322,7,0.16655562929670098,5.786042896703084,0
4.303367292912268,6,0.799466791378772,0.14007155930217063,0
42.180901170188186,13,0.6616900303772182,0.9283878541221935,0
9.730524719139938,6,0.7995793224546199,3.47355506221379,0
13.314298087674604,7,0.8359076601328014,2.829969758562869,0
29.43446219789856,4,0.38976135792361377,8.005838453263317,0
18.003297622687434,21,0.7561963622576403,5.437537798246713,0
9.403573311265234,21,0.7339441717671628,9.048515691061189,0
34.107021133232,7,0.24666784061404967,9.524083934852195,0
11.102435838628676,8,0.6891441932928533,8.710123562582076,0
19.232317397845794,19,0.9281230292302132,2.845027280423812,0
7.245023394856388,13,0.6858101664227839,6.114982409496078,0
51.05678651121845,5,0.32734697606903407,7.6179961418736575,0
4.353928943401934,14,0.7019490168478443,5.312513522343579,0
4.601269703005081,14,0.5812455916745611,3.336366538287664,0
8.974287145105306,15,0.8057145370172525,1.8239791362762137,0
92.3065388289171,9,0.2717629141267266,9.635138710514115,1
26.036130925993834,11,0.16223528399645604,2.0622391985136823,0
18.661685884748728,12,0.43251479670035053,8.115894888416511,0
6.72759122339984,9,0.6263047270080687,1.3317136463335821,0
27.328527497274266,13,0.09679114425387536,9.881696779589733,0
13.564189556794062,12,0.26322991387269745,3.3743647938843346,0
10.435816720907692,19,0.16703156080964077,7.785674924700218,0
60.483841238275566,23,0.7702552632263931,1.5249902831356965,0
52.499573348471316,15,0.7044646388681077,7.169778569803306,0
3.800845611445332,4,0.6254158063035691,6.903500401863454,1
50.643558181849635,13,0.46306324412381006,3.7970115135688265,0
11.974464761240618,21,0.4474633895461534,0.403030852004701,0
22.72810263329269,6,0.5173915992958568,4.120463893842816,0
2.7425927249389446,12,0.8185265548840467,5.597328922836384,0
37.775529081259506,17,0.5961842553916501,0.5520249951401501,0
30.139585627986964,3,0.7464601185616215,2.6909326454992533,0
9.78728679729157,8,0.2611962848131144,9.791258700361148,0
22.10574087168322,17,0.4777674302297199,9.199006871922688,0
2.6714944279066195,22,0.6303945600414861,8.176752737856955,0
7.9624514976118554,11,0.3151467496687931,1.5014193600908143,0
4.603332850863082,10,0.519462089393224,4.05758402472032,0
21.712077298290907,0,0.8401048098638951,2.0740388427640335,0
12.575816396289929,0,0.0773507978521486,2.1541047690632507,0
19.142117831481947,4,0.8089823798776575,8.803462518093971,0
6.485951186406967,6,0.6031498241284053,4.1230132193222335,0
2.874047705720249,23,0.4112693356393725,8.489814940680818,0
72.28842701558756,17,0.5612483204963183,3.6660719701259934,0
4.414695854453507,14,0.6059414071420467,0.5415785150748553,0
2.4406992340374725,18,0.7807341696145403,1.3440981924515538,0
52.45219057696789,5,0.8021246935871004,0.4494245073079739,0
19.8750721105252,3,0.7400149216543412,2.7881471702654936,0
62.18088854087215,8,0.017110636247011923,5.185234109467443,0
68.59348602382832,4,0.5571072272451466,2.200152442326908,0
2.8967170162603835,6,0.43140002003971,5.781067790160391,0
17.76347345991872,8,0.5762994611677892,2.9432092125670053,1
26.21871014832563,18,0.6054716756710214,4.865845065558854,0
25.620709451089184,16,0.6161161678121091,3.1359319625895434,0
16.207789771893648,3,0.34997933624618704,5.987918294919082,0
137.16652668207155,4,0.4469551789309194,6.358821506208223,0
24.94885991522841,17,0.01597383099552696,8.594959608924736,0
28.02496942884592,8,0.9354447594221841,8.251678099697564,0
10.37186959203861,4,0.9879826931683429,5.503290649314038,0
3.2553672522460353,20,0.40094646529604816,3.9776992174399703,1
43.93838527164361,16,0.4196133638409806,2.1104502990516814,0
17.585547615738484,15,0.459525580961349,6.177363853771977,0
65.24778207027694,16,0.29344655588983604,5.4572364819837995,0
5.8057751134745725,14,0.4355134792625557,0.3756529605038761,0
14.04618582885203,0,0.35865019121598496,0.37375632637863365,0
8.483107009941849,12,0.019560887121369608,1.5007670247501237,0
7.9037402079891335,22,0.1266496147927002,7.172959367531728,0
20.55383881579061,2,0.07866642195684714,8.592467135981446,0
1.51621198949988,4,0.23879333724118235,0.2554659584873331,0
20.54658118176648,15,0.0997778449650566,8.182025158426367,0
25.718748991648543,17,0.2301972253374569,4.6537534026531855,0
176.78914146349624,1,0.0040540727214875005,4.012199148953313,0
12.044066603316931,0,0.9887803168199584,5.446761977261052,0
45.23434991379062,23,0.10924158211254198,9.369875288745835,0
13.593928736657736,23,0.8400793830740366,5.688878008819323,0
38.528534308708885,20,0.10207765523087753,1.0457992531803828,0
74.91004853412232,7,0.3113337872195221,4.7177370640908425,0
2.0100181491586193,17,0.9415540086627034,9.778466934225207,0
22.98806212371988,4,0.3107943385373132,1.6331794931116939,0
82.12236019943808,8,0.654636837009123,4.6217968759291,0
69.09892250731329,17,0.31827924697985854,6.970696673138226,0
22.75741979951541,10,0.9428889338510904,3.649753187777881,0
42.36840397504873,14,0.010475729449587523,7.690656461223515,0
13.97921839675947,12,0.251134713277015,2.121641174675611,0
42.26182917843153,10,0.41317573359782156,0.9355121697586932,0
18.58653328834153,6,0.8244686942384843,3.2907578478688637,0
11.500523958480999,17,0.5730193020995482,8.686073199307515,0
36.92126041959624,0,0.8948019976189177,7.142221312910012,0
10.411433764668036,13,0.8837262093374159,9.830374284337818,0
36.01446608854715,9,0.9553182348314091,3.2980397581189482,0
37.66564834357399,8,0.1827060159619439,5.024354701840046,0
52.91331737428897,19,0.42230388409106534,4.233760754140406,0
18.32626784643943,22,0.42743408874171573,4.872973105093025,0
170.18583406729144,15,0.123047636152528,1.4167159388651673,0
6.271752435236097,19,0.9451086137773367,1.9715694928316119,0
104.15435188196213,22,0.3627351415246979,5.005874167775338,0
61.73890688413989,21,0.6392627139499129,9.681856443749357,0
41.53527305724047,5,0.6041722359702851,9.446658424741132,0
54.66582786973446,6,0.23696577834702603,0.9399449656699366,0
12.689055995586696,3,0.5722486389346711,5.826977392863809,0
1.2510028131254287,3,0.2563291901883158,6.202756327119372,0
11.604707149502833,19,0.2858548944456121,6.3593242679787565,0
31.474226762539793,23,0.5504975453280111,6.420518070090945,0
45.94934807243767,6,0.456827830364948,0.6146439737338849,1
84.80880382910726,4,0.423280847550934,5.072832328917753,0
14.96112094007956,4,0.39333091939935205,0.022573729103266826,0
4.528552575063348,8,0.7546847768840151,9.18054378228764,0
14.141056009224004,22,0.2809075567381202,0.16903221661994983,0
25.98971521278714,20,0.31265824526986274,7.773365798785342,0
6.1173619779090505,13,0.5793271487099442,2.4015368728978412,0
129.6850472613913,10,0.9643095583521119,5.863909136973985,0
31.82047307675677,4,0.29108576662092056,4.5149904294500605,0
14.981038753238431,0,0.41604178511705225,5.438237217899675,0
27.289282846199672,7,0.12833819137823577,6.012001679383813,0
19.804089620336963,2,0.6408136021068214,9.83235432434846,0
4.80794809039446,12,0.2512206327371278,7.815169285057894,0
62.824457477352894,22,0.5260207251328997,8.015724378802048,0
58.05760849717185,14,0.4200608428284325,8.968055890571389,0
6.690671129824727,16,0.7758840654586422,9.108655377929676,0
51.66353030978551,1,0.8328922228072856,8.532098317658063,0
3.1619148249990605,13,0.7374255310285849,7.4953387879709075,0
14.940511483051418,5,0.45034812853015826,0.007301340568417469,0
20.913048259080266,21,0.4149802682420971,6.016093790145297,0
37.399128311818735,5,0.41235914697578935,0.6614710806159896,0
119.96182075190445,22,0.5016333626360049,0.12334883342041136,0
93.6730398512785,17,0.6189412866160245,0.20228898750451973,0
18.83179813379912,8,0.32413256449223304,9.342717426320341,0
3.1821291208258664,17,0.7320358771843747,2.868021914765154,0
15.241537995279398,16,0.9063197116552714,5.693493929916006,0
25.463881901298144,6,0.06766083692776825,1.9044246623784622,0
45.38927445620601,21,0.021638863932272212,7.570728014760179,0
118.73081743792793,13,0.6755514547775996,8.077859329157159,0
8.386498032978835,11,0.6458873579404749,3.5386127982044266,0
20.954721958571106,16,0.45837636071149657,0.11269501338114885,0
35.58812192965021,12,0.8282360228805031,6.358687189379656,0
5.782672310357076,9,0.749426712545814,8.746005612231428,0
29.732441046366453,16,0.9666647163527725,1.27563270240738,0
22.614218547101554,0,0.8358502583672357,7.017222069616707,0
92.17812555303419,22,0.08187550550045786,2.6661301300781295,0
5.353284256671146,15,0.4160232880338094,4.356057444291692,0
19.0255862442827,22,0.3564800570752741,3.3374275475180246,0
37.55199940311589,14,0.8350233326239125,9.065321142947084,0
18.502878391295695,13,0.23565264672623842,2.99932543774864,0
5.3381497028231015,10,0.10997111450039543,9.596277949161594,0
11.756934157892898,2,0.07805607775564538,1.1521689277950575,0
24.711214161222884,12,0.5619686889199687,9.230953970509855,0
254.05569110757466,8,0.3059285019716391,6.608657125423932,0
5.7413880878977395,7,0.18932236568314442,2.662344873304475,0
18.627152060153584,21,0.9094905939802789,0.2591147820526729,0
24.759600385161487,4,0.01501349266308738,1.5049476920251592,0
44.37383512432673,1,0.4412098748853489,9.304190132950135,1
8.173897143794989,6,0.48558829247872515,4.9884223648410355,0
26.741878293554812,10,0.5390088715693745,5.7716530858355934,0
196.27057029252427,10,0.7607668488298649,8.29123821590237,0
5.944460443083941,23,0.006383444002701633,6.240822248744102,0
23.183815544658636,16,0.23669490584852404,2.0074996913422396,0
42.79765153421303,20,0.7814419660172653,5.730248845612453,0
21.308130843783612,4,0.3392677460272828,6.554363376639127,0
23.131293106473503,21,0.5758841047097363,2.3749690905374976,1
39.08882253759588,5,0.28240629462719447,9.316404709292083,0
21.595248692754737,15,0.08387639364532018,1.7690367194350576,0
41.73557929668221,7,0.2520627811280569,7.1201789522448875,0
14.234216146687617,5,0.8242974759679788,9.063466323599702,0
31.28509499759171,21,0.34056002139532693,3.3012294005322462,0
10.481640287267942,10,0.5489493917205516,8.51365337720037,0
16.241770778412562,4,0.013077456392082798,5.905462124758972,0
19.364224719145508,7,0.5220770605439206,3.0443105337710485,0
9.528211652202184,6,0.7245693057272857,7.315746661584239,0
4.130391817166042,7,0.5818849869211037,4.130059629704446,0
5.772999033007556,17,0.022721224022863806,2.019252349752758,0
15.854942789648137,22,0.02116172878495537,9.16999787484142,0
58.015228037555374,6,0.887136996847297,5.043907614788341,0
28.698639811982684,4,0.21446322770090787,7.932076379332357,0
54.3968789651531,5,0.6829518461551688,9.463609141477077,0
37.63352837977106,13,0.03145526421336031,7.34080637517989,0
53.30524474066374,18,0.30483958386155874,4.697735434850328,0
13.060580142965543,9,0.32492683945555456,8.572743648809716,0
21.37742640238146,14,0.8522769298012552,5.886294314108074,0
16.41891934118655,6,0.8044969031547604,1.005176324324103,0
19.452497008734078,7,0.8319809451935546,6.1172147476996095,0
4.67821521842094,10,0.9417868704060058,0.05387574482545787,0
33.33691254991069,2,0.37211645913213887,9.757464880306344,0
18.06507534431468,10,0.21784991270716947,5.2080667449592895,0
64.19063630495539,20,0.7370359803517792,0.9221823977872479,0
5.760469243127225,14,0.08324471036405123,2.99542112095893,0
1.9154031373308196,10,0.9775461921489437,6.587758614225332,0
27.97891316696841,18,0.7450911043416051,2.8879189607787357,0
8.033638433644123,18,0.2850838353680447,4.209583042873023,0
29.49943483688214,14,0.7910413896662671,2.9885303774418546,0
35.961052348522585,2,0.9114790369808815,6.289833336633411,0
96.43981613554224,9,0.15233938713923512,2.8409342057459055,0
42.44153608639944,13,0.6607023269173915,8.130485279249461,0
44.483948261191934,4,0.14318878035993332,7.2460585139497935,0
1.5606757313946358,18,0.5683637403942334,3.2526419670379236,0
9.544733178906073,13,0.18248402519592533,6.244497129039228,0
41.361448456659886,11,0.5103700626589885,4.8522476555499345,0
17.539292046151836,9,0.4986461862597258,0.5405386009455337,0
80.24088919564211,5,0.29854977642694003,4.149577140395552,0
17.07881885638989,11,0.05420798105301783,1.3147549735990682,0
12.924325877715164,20,0.78826613771747,1.189036758007217,0
11.080054459013864,22,0.47528288643121686,1.5977762944400353,0
7.182293013642757,3,0.6788610931170537,4.285337170622913,0
23.217868820591637,18,0.8732148353210438,9.171757977642642,0
24.271083396617588,7,0.2555197178370574,7.715828711508223,1
2.4534099277411103,0,0.5786399945258573,8.5325833329568,0
12.225742745581703,15,0.8197371473173684,7.358168158485481,0
30.652499714638786,1,0.9329040278894011,9.69635850654105,0
21.022200761425704,8,0.06848750044048113,7.407337100437249,0
20.543646350450175,5,0.149401655708144,7.908915129462031,0
10.563456627784857,6,0.12186897050015288,8.132044166017277,0
10.07405678509463,1,0.10689338837512641,6.885083864915174,0
12.98290426944458,1,0.9216460826076684,2.040593206929253,0
28.20813654340715,21,0.6399779230211755,9.710269199589474,0
1.7079244786252306,12,0.8760918568240862,4.808235949251658,0
8.610426282714448,23,0.43033215699511884,8.293537716850633,0
418.7859926074584,20,0.892384877206505,7.988678799219077,0
121.6847548626614,17,0.6364269674907514,4.275386646334608,0
73.67687930033723,7,0.7975878606170459,8.39604178684967,1
25.433096964046253,5,0.5779816524015262,2.4832781386515412,0
4.873695297269884,10,0.2987414587248307,3.5449847623581885,0
14.051456075959514,12,0.564935970543733,2.290220965001144,0
13.864613338719149,21,0.726715508442541,0.5729781752069396,0
11.257300118140046,13,0.6683465555401448,2.3481617642464747,0
9.015714165034037,9,0.465826011682849,6.486090122337672,0
17.298111871900453,12,0.02126678492563827,7.615831790501703,0
6.851195320273248,19,0.5792495568306238,3.514148350975713,0
8.410278618278973,0,0.9256157426341826,7.374414092777929,0
11.972084886472082,2,0.9254893538801869,0.0705142784111168,0
15.896594930178098,23,0.860488988695289,7.591051965493698,0
29.33751954922768,13,0.6193715351027749,8.397507987384394,0
7.148302054796454,6,0.5093900840468248,9.92012303013083,0
12.979467833390098,1,0.02302386728043071,8.944682752139903,0
11.548567058805997,6,0.3503343400049985,6.912450736118427,0
37.891939198757356,6,0.8536383916120929,3.4698024881744702,0
21.317749272435986,4,0.1585178781509543,2.8445161987847634,0
1.4183154918233682,18,0.8071884025624569,1.1692646458355382,0
5.298933976414819,18,0.2712717817675996,2.8688434587370226,0
24.298074406441422,19,0.5472337541616838,3.052057239681305,0
6.766076615337351,14,0.29225776172463125,7.137228198546845,0
2.643461254716347,7,0.2737313181452523,7.263912851082389,0
12.674707108370486,7,0.8724730485763897,5.210407956537305,0
7.992232032911293,22,0.6911841720125692,7.7218886699756055,1
57.50149181127424,21,0.21535291431570358,3.421500221157787,0
49.41562224057079,18,0.4778136397640952,4.707427281188879,0
19.5004965468554,0,0.5125825225104909,0.48324151382229896,0
14.90527796680084,5,0.7295462534593571,5.3659602765975585,0
59.036475664983016,6,0.6801494051281797,3.8764841596637134,0
12.43083268971781,17,0.6738099162042999,0.6651608441994683,0
35.57451498768978,11,0.38066180279655115,0.9287158713676336,0
22.390437238437045,23,0.2313337025498321,6.574384228427952,0
24.351357838356396,3,0.502677795059068,7.43412832552648,0
53.45248646676818,16,0.7549991415273097,0.9837702781160707,1
6.490862922251404,13,0.8979724967243358,7.748754945577799,0
60.54209184346279,0,0.7335538949759272,8.635610985143856,0
16.472452461332473,14,0.3951464309329846,5.661315717863459,0
20.283855064658383,3,0.9572199343092679,4.8872869606116,0
16.314108283646377,13,0.8665828052480585,4.60063248554953,0
7.964407639155943,6,0.9048678220797938,2.966573505247696,0
102.0427787360838,9,0.28359797834704303,8.97130683304791,0
4.046141481503856,10,0.9829238337004577,8.68749505143535,0
17.03742044296445,20,0.2697059543455914,5.1154206450759645,0
43.266575803868555,15,0.16342482737032304,2.424345194473101,0
17.28022408921775,17,0.21212987238946712,9.102583430507373,0
192.83882606977863,22,0.6490871479965352,7.313687049926688,0
10.510129469233837,1,0.4006614495677493,8.228311927291985,0
5.0983281998312355,3,0.16057649167867993,8.277159000067195,0
6.35917655727263,4,0.7477197065713997,1.8889707901740804,0
29.574007849903154,23,0.1398297871541786,0.5405314328679678,0
115.22138857213938,19,0.07249392528262699,5.052326526625624,0
32.97171230063044,17,0.8573300672567686,4.660821613956471,0
5.316084203475744,8,0.5417421927622387,3.213977482377234,0
9.329993945392983,15,0.6379530363257415,7.233712135610309,0
69.60708250172888,13,0.9988580415690753,6.067264800547849,0
8.925070556927666,5,0.9560194696888132,3.8524205479280527,0
8.470103604512989,16,0.4150660288684793,4.881917249135125,0
144.42107171356528,19,0.493489834158215,5.393505913186121,0
5.788870569332626,17,0.05987838742147078,9.407636193610285,0
34.65280702723258,6,0.48836498037586773,5.178077273995135,0
13.112501875267787,15,0.28025212349283946,6.545050557020756,0
38.27064253865583,10,0.7569028762595434,9.100257139143203,0
84.21963299193256,16,0.36235816008533817,7.167648088397859,0
42.54075518387512,11,0.013674471798269305,5.443958954632202,0
2.6084654565713756,13,0.7113093727014449,4.01643670005647,0
59.052714033031236,23,0.20520342982175266,1.1223491321989565,0
69.49342113154076,19,0.27486042110992137,7.860016111757898,0
20.56450316482958,11,0.07814418645813759,7.871886058964134,0
28.311300347707192,14,0.7799954367807255,9.719349858855663,0
9.915466570443446,14,0.24555960236119478,5.113739704013435,0
13.882092350822852,5,0.7628102398963065,7.018826509895428,0
5.446935021327512,7,0.024399240281991696,9.779167794325643,0
35.45545711175749,19,0.6447353654768336,6.122295887870543,0
17.3312658888808,1,0.12048309670873081,8.245591985763317,0
23.141772458331875,2,0.4219484443046151,4.107244394930066,0
28.04309088767261,12,0.3097633984126932,1.8641005625415763,0
6.840878705143036,5,0.780379200579972,8.429952256265054,0
22.501961622043897,5,0.7931221382199595,4.303946233058519,0
5.236863621519599,17,0.8518794987160422,7.438708509323088,0
2.2779667003631054,1,0.015700671074837413,5.259300004007878,0
49.512453590607386,9,0.8497416855311797,4.570703645366477,0
1.8372131668216212,19,0.24177880671625196,0.5151765810799513,0
3.5060077003230568,4,0.8350838606323197,7.690060893039038,0
3.6783588557871694,6,0.8363386398790352,3.212554710163552,0
14.755941382335546,11,0.2231061403992668,3.9092877655810785,0
13.793983283184723,5,0.24597331866224614,3.495463168207488,0
6.394489288637615,19,0.16203477907881014,6.941562042736016,0
37.08009116841996,20,0.1786607848205568,7.132372669143791,0
19.117446991230516,9,0.9548561253608575,8.153315013598592,0
36.4744728984453,23,0.3847604337155969,6.7662017061685695,0
30.26869998266113,14,0.039799490153934025,9.075471277661116,0
68.83190104306914,11,0.3293441202564581,2.4133368372873987,0
2.9175547744811134,1,0.04866401775200102,4.9505393949631795,0
9.43203228957172,5,0.9815213518764243,9.689923756212831,0
35.82736463482004,11,0.6650606139686367,2.493548170598342,0
2.5134261342159365,15,0.5123424305371791,7.254677883587091,0
11.4912007074158,12,0.11256174182900502,3.1405541545746143,0
3.3232234189353336,16,0.2663727683338234,4.564653099193036,0
30.375812687114045,5,0.7707531696831147,5.379523579149743,0
56.736098569736924,9,0.9019313378218362,7.995311487188789,0
12.753483505044805,1,0.8204644044085576,6.197961112144612,0
12.620850188622068,13,0.6686427471455909,0.010092737461840917,0
80.49288588898409,23,0.5428100189298393,3.365278963592923,0
15.078064412672463,0,0.46466672660178265,3.458645657303859,0
11.72696520606083,1,0.15736608412523145,4.90255181507438,0
49.48513773321131,6,0.11825501524255932,9.070156804810082,0
45.51383491385716,9,0.8074990720781863,9.131057316911233,0
31.009088788158877,23,0.7895181087681153,4.598431672121814,0
16.890207768294378,15,0.017845678659734854,7.256569425139494,0
57.740420647452616,18,0.5201331474852589,3.5372725205005007,0
20.183393813002095,15,0.15155585953159822,2.87498615078708,0
14.87736170853106,11,0.7668933635181995,4.626325265301618,0
20.45719555334242,14,0.18366397832251635,8.463319615824762,0
40.873028608035746,3,0.5126022552455922,5.2109393357173825,0
30.854891618108745,7,0.6731469165433295,4.723765427360634,0
64.4843012676768,9,0.3904295182517875,1.5767863151623962,0
21.859775451309144,5,0.6712482179432602,7.427301395822838,0
8.984263134180624,20,0.9140821795137842,3.622053247235222,0
15.502245880412136,1,0.7197621869217513,7.553273575129612,0
11.712079021409417,15,0.3226840071423843,9.705024794061478,0
14.291650379023864,11,0.3521227504515396,0.9085409454341231,0
14.898160336615767,20,0.3345798245809568,8.622064991866196,0
31.243388364646343,22,0.48019098990694997,1.670087793045626,0
17.407496976040896,22,0.09027438207206873,8.68908636970671,0
21.83860809895993,17,0.020334376844264868,7.272616548571395,0
17.98871118849131,12,0.3100328072972458,4.218975545948016,0
21.60846661701881,7,0.817121105451161,4.560953946261347,0
23.35936879741577,8,0.8685000720316064,2.910060534407201,0
32.48271693862555,8,0.7480615198053631,6.991597934271606,0
65.58581805710955,8,0.18441791829166143,8.968791032176789,0
63.62928070983461,6,0.4937263998354535,5.828338276559881,1
13.069234115977313,19,0.5075195013101472,2.9386473332912635,0
3.679921560970143,4,0.1916760036712425,7.171856567379238,0
2.7140238601119857,13,0.36659252631777495,2.537826959191034,0
27.45747399324496,17,0.2944448188786004,2.6576154264448792,0
15.497433289110385,20,0.2530543010807129,6.37883170939997,0
95.75817908083062,12,0.40621258081614775,0.9485207539418394,0
55.78231604441807,13,0.31817071485598813,3.959551452353888,0
3.5700783578531756,14,0.9284957910758656,3.6832984882572717,0
23.181179243817002,22,0.62983573194862,0.5291343010318894,0
7.831523099514515,5,0.5811170372113474,9.180254566798823,0
28.77360545721991,14,0.41782681877708716,9.376959743196995,0
58.35836537577379,5,0.45477959986581373,3.9730781549642558,0
2.750820012489386,11,0.45064297741908854,3.6943460798383807,0
32.18408569591947,16,0.017520475367716504,1.2160514814695478,0
209.5839992567321,1,0.9579606376793066,5.625331318786804,0
12.970265629878064,22,0.7160674670725418,3.476437772788945,0
29.782363498588676,3,0.5473087665696373,8.428600708154194,0
10.454406255854362,23,0.23650703033699816,7.331079370560589,0
12.52962947728729,17,0.00433014967034373,1.23206465687555,0
14.690007676411406,7,0.2783491902733335,2.1456780382205123,0
15.013015484482228,13,0.7822525977589344,1.1810783354478815,0
10.496949585967855,8,0.9712382840674859,1.3568407079352363,0
41.58201517332526,16,0.7599033795535036,0.6690827987866788,0
3.2969759537245777,15,0.431600400926722,3.6608772295879968,0
102.09006722195153,15,0.8475549116477695,6.058659598815783,0
15.287279845011906,11,0.9959329789720887,9.631005670932334,0
33.522805614418594,21,0.3080196324867366,4.243194749463269,0
9.419349899276252,19,0.40975677922169795,9.51852140828859,1
30.16349942909381,21,0.4317199336249993,0.9503175639146344,0
74.46026926675138,23,0.3835382604708144,1.632439553193975,0
139.795335496368,7,0.6437649064202586,4.019638536858673,0
59.43891426680559,23,0.8718220635009398,3.9364772146659965,0
31.629655823924427,10,0.865968922837051,0.17277974450985223,0
29.93406258186071,2,0.1032873829200538,0.5922821359013175,0
7.939372442134797,19,0.029368467728611125,3.2572111087793476,0
3.3627578371063995,11,0.43575575029196056,3.134912013164718,0
11.485219959215415,12,0.14342885586669418,2.8594014538378856,0
36.466694033649155,4,0.06987539596880865,5.23166366941986,0
38.71861857993078,5,0.10768390046318255,1.9867261269297365,1
1.1863183057816158,17,0.6348538560582127,5.061588796457465,0
4.51458662734407,11,0.35040362788640267,0.50743588437549,0
14.23145362989391,15,0.6314388774570417,4.9789408640287185,0
9.12074182719371,0,0.0462955613548407,7.481088717034654,0
7.093982587810129,11,0.9328529986197218,9.227500112525494,0
49.289587639422294,23,0.9669644106448178,8.95234584941795,0
16.295278946003418,14,0.9343562402846738,6.470347479352837,0
48.21048269318824,18,0.23714921947015322,9.823900590745195,0
2.7681421965263255,13,0.8600789422266081,3.6648645953509593,0
16.21119460859407,4,0.3882221962223884,6.93141798345957,0
9.371212499004324,15,0.6981855833549923,9.892178007132543,0
22.39747235718205,10,0.18881941110833556,6.947577849840359,0
1.247637906474408,11,0.42132985096311026,2.5909436166514075,0
155.58176141906338,5,0.8946066318591018,8.127073454777825,0
12.358523152630134,9,0.45759877387795966,3.50300128871596,0
29.366467597488978,15,0.9304862694751574,2.820285949515414,0
55.04307935547538,22,0.35715335644026713,8.274273170606785,0
76.88543562436372,20,0.5948446996214019,4.0110654578594875,0
11.538415021065745,4,0.4418958488560468,6.455563391758854,0
63.07090949489218,21,0.12940445434579817,8.678930755682012,0
60.83259676776293,11,0.4794312539577672,1.5268102024349206,0
14.9431482058411,0,0.36006686125604936,6.149443707849047,0
24.978242065495436,4,0.19658848457734168,1.797763230682965,0
6.954347719418481,11,0.4236489748038833,6.03827648062047,0
12.911071012575322,15,0.28336435493344425,4.906647353497039,0
28.827534601653763,5,0.25751350672886864,8.731691179694511,0
87.94414538128493,4,0.8588455427327629,9.00839179319178,0
16.30859728647214,19,0.7668442462292248,7.704544966540617,0
13.244636634036063,18,0.6768847740969924,6.286678590491846,1
19.430564304749865,7,0.36463795210315497,2.829876558640941,0
4.313454729244615,7,0.2311967351604305,4.878337827716884,0
5.885342988483281,6,0.6312707892173348,1.5458107974526991,0
11.593172845117076,11,0.27884854983264307,0.07969811853605568,0
7.036188013309241,18,0.7498778030492196,5.670540186280311,0
2.925550502728908,18,0.48193866782690853,2.621560384001931,0
20.75550828500097,14,0.9103314431496509,2.7942335657531716,1
163.22652555581476,18,0.8972143672418879,1.7830122134076298,0
20.55690929077475,16,0.4432711973446426,0.7751837484618851,0
1.8078349394880424,22,0.9542376048656226,2.487597486095777,0
44.068926701394574,0,0.6607565218621047,2.3456443087185463,0
34.721861078908766,22,0.6050786451915918,4.126841926943908,0
38.67137433299338,2,0.09334514962012874,0.761835213450589,0
6.3034932061484055,20,0.9824644651836761,4.640664552929047,0
35.515150215537965,22,0.09161146351902627,0.5516021308126351,0
42.835939841692586,0,0.26949419360782056,1.957898354907659,0
27.243720221343242,22,0.170323773526325,8.432650842594263,1
23.007232005379656,13,0.0570947217384411,0.6378198932906121,0
18.646357247004488,21,0.9988041586893983,1.0474709689608408,0
108.123747369111,12,0.3189807789754534,5.843461353647835,0
16.765742764171684,3,0.04610385162224295,2.6287495473685265,0
57.90744226994824,0,0.12498470844372933,7.733976585362337,0
33.55834368297132,9,0.23642909684159252,4.272594419137182,0
68.19942114246,6,0.03868446741413756,5.727731338725343,1
87.75780339006484,19,0.14671698916780251,1.105732414326689,0
38.555654168320835,5,0.03204319530047428,6.9740966794479515,0
27.588289790590974,17,0.16666182456285517,9.46715205664172,0
131.09208931747202,12,0.44517459959344596,9.606462728470357,0
28.26079746947648,1,0.9757996542665883,6.493378530229119,0
36.36710891634527,10,0.6768133995158101,0.8248639010717895,0
108.71664882076546,6,0.537095123486567,8.587211116726511,0
39.1629457735793,16,0.9896171756602394,9.933404789513835,0
2.6787111913385027,14,0.7034433572556049,1.3461218386725493,0
1.7059337247218431,22,0.3701273322858225,8.29078963703425,1
4.084763423237741,10,0.7929552983480863,1.5556240073768246,0
7.585372231176351,1,0.4819784933994796,4.474551353089411,0
17.42647163758172,10,0.040180828879775476,9.247562531646846,0
28.758442030708764,13,0.6358567243819911,9.320816234687255,0
6.209853396963352,8,0.7303053910319087,5.526242986971939,0
31.29168633835036,12,0.9789241543803369,9.363920084327676,0
7.650232434446147,22,0.09777687536679724,0.37770890714633354,0
51.39265117750705,8,0.3222524414491694,6.861719069265016,0
62.47807461267581,23,0.7221326402793554,4.282592850443853,0
53.29174201702774,14,0.6458722869333372,5.538301111480035,0
14.475275138939681,1,0.5161927569445145,1.9353539023816768,0
300.8912566146196,21,0.1890764610373994,2.017738748158245,0
5.981406090454343,9,0.21086551107137796,7.293884146810834,1
10.237830723635211,3,0.9684376697214668,7.680525247142978,0
45.09498413138959,5,0.1060741704336996,6.403651456784503,0
19.51582172162349,12,0.7308981488798708,3.456604933016049,0
96.03982723066493,3,0.0019541522401567146,7.0606928744404565,0
2.0678963521276468,1,0.12376592489285032,5.179589912777118,0
21.780628190314644,12,0.8542025065751522,7.010691805910625,0
6.003501329725414,9,0.30972477367917095,2.153504945149043,0
14.75224959106039,6,0.9947420549448015,4.918909623192355,0
19.727107175967788,4,0.7313278376387373,1.257953965949734,0
16.524007208785008,3,0.3668078231124816,9.623500878426869,0
7.837578679568755,6,0.42694404046314627,9.93636020956854,0
24.1385796204678,20,0.24102339600145917,4.292583920409724,0
79.20310923671758,9,0.8177316724169166,3.9628373098539904,0
12.750187031480584,10,0.007377434117915693,4.278627391975459,0
133.86756705188702,11,0.23886569882046982,1.8653795805667739,0
43.243585412659655,23,0.8704010105405883,2.0808164696976847,0
16.019838734995524,17,0.9739201150767883,9.749729158978347,0
12.723930760535879,19,0.4391899242082319,3.3906541109938306,0
33.11469553759035,3,0.8273919416670161,8.703065035337561,0
11.203493872311446,22,0.8155531955786334,0.07651106253917517,0
42.08170511539698,0,0.772396631176838,5.962962546410457,0
12.4709360551662,2,0.8419518261450021,2.2774533821361773,0
9.39613202266639,7,0.9460060958230503,5.700390577255429,0
18.38471061606649,3,0.05299994592426549,6.7000170747207175,0
97.64653874410499,11,0.3591047612735817,8.13157643274989,0
6.036145549682932,16,0.7011679891626729,2.4526254995288257,0
5.146919687096547,4,0.19473621461678325,6.388489715870715,0
10.381627606098396,16,0.5311560743192961,0.0410786918748407,0
5.202513022206232,17,0.6234052825557451,9.9925380401736,0
33.83742524327378,1,0.1675132610146215,4.184067038619695,0
17.138186729298294,21,0.6845333467732823,1.9846899538929674,0
27.391305661339057,21,0.037950766278135206,6.445202804523294,0
28.138091665002793,15,0.028041531265781128,5.340968226792759,0
12.462947755923631,11,0.7416542092300944,0.03180177903355896,0
8.610085452091855,8,0.6519849646731619,4.018478178933693,0
95.61787478742703,2,0.7648338551266993,8.27996922363922,0
27.653943425491295,12,0.014604725647984984,2.5919529444432077,0
3.1734170647913613,1,0.07794179385002165,9.60069104248046,0
18.765017533289686,12,0.30698672366172575,8.645697435492051,0
7.408550753680691,15,0.10347210285274089,3.7085119093171404,0
29.88954064881496,2,0.3316081728797351,4.011032010482618,0
53.32187747208846,3,0.5604403195928571,4.524305270574056,0
9.982162263335171,5,0.5524514090846082,6.3715136869500535,0
42.183238439584244,15,0.09145687232135213,3.277823546627827,0
65.32781014798192,23,0.07184897528796463,0.010589487770772399,0
25.968281568789077,2,0.0443917885899483,4.365927556545843,0
9.762001029370055,9,0.8796900925798337,4.947740633757825,0
92.23647704296305,4,0.7624171059307115,7.093377369875907,0
92.80844246693763,23,0.8236636229566336,0.18156710113869545,0
19.329144711071937,4,0.0187432204654866,6.319759603580818,0
20.748573997916218,23,0.7180476857133055,0.762176047092118,0
26.447143818906106,17,0.6334732956759677,5.253706526463853,0
13.364370555965824,22,0.0970778454359098,2.011033407829924,1
16.21468072332723,11,0.5821124102222397,8.794436652395074,0
10.376113655628915,1,0.06389848479635829,4.269967174292728,0
67.64732783591907,6,0.4533185687169424,1.2455607081363618,0
3.8920190642419548,8,0.6836402120311198,0.27547517519240894,0
12.252701559532513,9,0.061393190332734826,8.520174165261542,0
54.359071983355626,4,0.5111511155868907,9.376038313264798,0
20.43240306308988,14,0.690218445745603,7.2628427776471565,0
6.629936176425458,2,0.050570842225007406,6.640845423461838,0
11.95767464637546,17,0.8702363852669975,2.485879603558173,0
85.69282329633774,5,0.35445489809730346,7.253909628740126,0
66.36051258664885,5,0.31441104741906534,1.535025925429332,0
16.881717947354495,4,0.12147396781355457,8.153316415214405,0
6.597276864428699,12,0.9853385632801995,4.371107411287365,0
50.74235737676912,23,0.5781949414682679,8.746929910421708,0
11.516772888633836,21,0.5832609224429064,3.43052861375734,0
170.48368402335538,2,0.6099043974283587,0.11351578476683222,0
9.507550326945942,4,0.41735088081688787,8.12034982564439,0
32.271507887213815,2,0.38278821512663985,8.814960261096248,0
76.47214902357128,1,0.548831447005383,0.18877199001202216,0
29.64420127150777,14,0.16500144966223462,2.565504241822164,0
24.93589130496968,11,0.5888630804209147,3.1749550687806583,0
5.5401060073694826,0,0.4978146257867423,5.981616460912322,0
29.879566809559325,9,0.1480961455343529,2.3611625357289787,0
27.907231246133335,23,0.7794767140237112,9.260436293643558,0
20.37257491396907,1,0.07547947133396171,9.633111633330126,0
9.659125381258413,7,0.24020723070107408,5.853694685465536,0
17.146117661591,4,0.1689523102857896,9.857121209670185,0
39.53680214882611,17,0.4577758559437026,1.7066693067115024,0
18.16604321156632,1,0.7081720012549726,1.153381534332213,0
35.0105271480892,20,0.24220866282472642,4.057535683129956,0
26.564009905659894,17,0.15133279752524242,7.956863424422398,0
12.734767696599626,12,0.5656058194724739,5.892267757035472,0
23.682640637640553,8,0.6656211922607455,6.299307908463953,0
11.386833342481093,22,0.9509737222821133,9.587723274830735,0
9.562358402010322,5,0.6079748894444066,5.980109957183418,0
39.46404445963105,22,0.5679446820980716,4.336177001580166,0
28.14381047264942,22,0.4725791461974256,7.848218928456449,0
18.124681790797588,15,0.27952374827282456,7.6490438854442155,0
40.05558861512133,23,0.9510733441157712,9.469823392710662,0
10.878517203750222,14,0.7108017772356799,6.142265804063114,0
10.130167702007382,23,0.4736821867731873,0.14812770391918528,0
4.812495958064987,19,0.5321673130588309,3.338083141600783,0
7.048712168239298,14,0.9580710816263291,4.214603768606052,0
16.964455864232715,8,0.4854517220491229,7.257665602894427,0
139.50926457815052,5,0.9933851051289782,5.9473659522842235,0
5.872076549145671,15,0.5712741516542025,6.353988108706533,0
2.770064732361902,10,0.9170523382344046,2.6497082708598096,0
15.245492038464409,20,0.7238478056742677,8.292862019735663,0
22.40608198323996,12,0.10880227137376186,3.200317531852673,0
8.193548643412267,2,0.6153309380096583,7.158203166218232,0
61.99153285175992,12,0.9529615544113259,2.6223776998277826,0
8.761455150553807,15,0.3336089328433296,6.3264276197187534,0
15.54024435284485,3,0.357153649057535,5.083165002783193,0
21.61168884855775,2,0.11569116098210841,1.2897652839945362,0
79.64924158076694,15,0.5114824314341966,3.0422920882145563,0
46.06011443674303,6,0.2986139267696869,5.4134235734363925,0
29.041180379549683,22,0.7715185860634263,4.390671395981044,0
25.926030795510385,8,0.20599733663784614,4.038190111136821,0
39.9841393431453,22,0.7379199727594672,7.237023147607745,0
141.56879145134508,18,0.4095249929338799,7.165613386081922,0
3.5026555773446684,12,0.9387664118706763,9.93044103045168,0
7.37414545537988,22,0.5735560820311035,1.2241353961449886,0
7.593272847544068,0,0.8863420653736386,2.483037895990633,0
123.14292225623676,5,0.2572042474281986,2.8842314474827124,0
4.027427967096499,7,0.9469496664096934,3.0911764490381044,0
5.092043264499991,5,0.2168506488814056,3.3122771718951807,0
18.790705344227536,15,0.9456840908158523,5.664733164434655,0
74.09864434919109,20,0.8756675607298057,0.47505463947263626,0
55.336110823579986,22,0.20210692892017545,4.6568612469180515,0
15.20451819262783,5,0.656743622436888,7.083850306085573,0
9.973303708983503,6,0.3691917035744826,7.251400218675418,0
27.32353194460198,6,0.4015555060250766,5.52783103725015,0
5.001088245115917,8,0.03950645047266199,9.210145109039392,0
177.03477248653476,14,0.8284060076857521,1.9132377874595274,0
29.085830023182094,18,0.2595687415228549,9.859383996497973,0
153.4608576178025,8,0.7687728295512776,1.6809191736143991,0
14.446845062675878,12,0.589171436331943,3.4361727519396235,0
15.273304172775699,20,0.970776161628869,0.5164108836007575,0
28.211934567062343,9,0.200790074985304,9.620892945002858,0
17.312964266893413,3,0.32050086125655886,5.809819363478824,0
16.54331801071199,7,0.1664657143802768,6.751966631185107,0
4.704645309883353,0,0.8322834614050504,9.602807919722778,0
17.4771647337188,14,0.33033385381049774,7.562934921885183,0
3.940245791532507,19,0.19513039788309505,9.79245594986317,0
9.124373794579288,6,0.5919990482332883,5.337597798493073,0
12.981956948661447,5,0.3775806306340216,7.204815477817654,0
7.869280287958211,17,0.8122250489244709,1.568308937698677,0
16.85200067775242,15,0.7637322197711496,0.4221578928698566,0
16.09432338232145,1,0.11991742295941343,4.4503237554555,0
278.4051057653463,18,0.8558804360031387,0.8994088733897254,0
47.493841297774395,18,0.982568910495374,5.016627324333728,0
24.498699846078193,19,0.7509281988654414,3.532392574636715,0
5.630734765512906,4,0.8239548029086726,1.8570415951542385,0
8.585501448916572,4,0.9174413440022667,9.848918886855035,0
4.326727035736953,19,0.7858514800617572,9.401065302310666,0
31.51562607855392,23,0.5847356448617314,2.7875635370348837,0
9.802392800218731,22,0.06816101111418604,4.278195658264613,0
32.34290431514513,22,0.4844417552653928,6.685064893761287,0
37.544053102719616,14,0.7829390469991172,5.272708561003876,0
13.18240674519366,8,0.2562190351745529,9.1212397620333,0
11.596338646138726,6,0.6535244277487012,9.876154611624115,0
18.622811048789195,4,0.31516332796991364,0.6226589739075572,0
8.826364653071337,2,0.8621696706752907,4.494717478297421,0
7.0708742498123325,23,0.363255053573344,3.7743422293914652,0
3.7420727465682666,20,0.04546842365274373,0.5242153051654264,0
4.4602721991044865,17,0.5823394013884463,9.11645110308164,0
20.92672902115806,15,0.04575616555149653,1.5603399434989573,0
29.97651200097498,12,0.21567942429284137,0.3717947002389399,0
17.97502088745335,17,0.5014442218714,0.9596549971470925,0
8.844046918166987,16,0.7932767433177067,4.37767404561296,0
47.52280342493291,16,0.3200611335743865,4.107187876264172,0
133.3648232575363,11,0.28934175691227204,9.049582374437918,0
21.007076279353736,9,0.11299840276283091,0.19340664299771548,0
15.186670030534286,19,0.5856636494749157,9.246465183589528,0
28.066008211836905,14,0.5325419604785584,4.044218128945123,0
2.7822741911844484,20,0.008871453284328923,2.19767683183399,0
41.03224393697123,14,0.7029162198014791,9.773723024802766,0
7.597039422900078,10,0.46038249683527066,9.141921263702999,0
64.45479198346766,9,0.289147194503546,6.291561368316866,0
5.033796501244498,13,0.7107912460517709,0.8979492276265166,0
11.45740001983847,12,0.8117961321441487,7.719558997213899,0
4.482790493688097,22,0.597142000791921,0.7727577150994303,0
78.72459411421048,15,0.09443784444605441,2.601740388950302,0
3.6881059127127167,15,0.90579998114693,6.0445321737589595,0
14.766352919272013,8,0.017829154045123197,0.3497838402519815,0
9.687782242972462,12,0.20933666503210135,2.975301439454874,0
15.596741195366931,13,0.2643982913403905,3.581833462061158,0
51.51473683343215,14,0.3699870432829804,0.5142710116630134,0
27.944179201653267,16,0.3554870550375353,5.657176312412124,1
16.200551955403117,21,0.8989526065539345,6.753198540628324,0
3.6975047505607135,0,0.7961496989491768,0.9441079483995807,0
110.00246177589467,15,0.2014265692465913,3.7539213147646966,0
23.639356291036403,18,0.9541234266331853,3.189515400834837,0
28.79170937764766,18,0.3622782999958607,4.91260798709725,0
5.957908121061418,1,0.21854856919234678,9.327590204157165,0
66.36711259955784,3,0.9457240367333908,4.890380414209692,0
5.550632571438245,4,0.5718779385409966,0.027327517349674535,0
251.29169515325395,5,0.5896934223942885,0.3618257460122887,0
34.36295911494655,7,0.6559898766441713,3.412130118204236,1
74.42543632587281,7,0.6252282389928668,1.0462798999976375,0
9.438642267352478,23,0.6298866082096972,2.979162006821606,0
17.31508586445366,20,0.001956602446169242,6.402321713610028,0
4.529056445428539,13,0.6856826842328596,2.585178489372172,0
41.1075172212875,6,0.742137749445091,1.1477121543379587,0
37.20632443093671,2,0.02693346534237695,7.012856196526646,0
22.30980380941011,11,0.6244760715553082,9.172211760405268,0
26.759074201018457,18,0.2646504387522902,9.105529229178535,0
10.45727519621998,12,0.6282706096950232,6.527873794181492,0
6.202145997427283,20,0.2649173665499017,1.8506135986704397,0
92.76170503619174,0,0.09591575822854903,8.732013587056311,1
21.915706879823503,6,0.17825886614323883,7.617624199970585,0
16.74175429103022,5,0.9177749398184898,8.38898208554703,0
26.44649483001422,8,0.43913135660926994,1.4862149880783693,0
9.000661484483375,20,0.9163302658010338,4.841205451826981,0
166.01430171066897,0,0.48397004289028545,5.3302125032560435,0
68.50940651999932,7,0.8983527197696507,7.750850776520991,0
9.637947522864255,21,0.5675754966383827,3.2563210304906542,0
27.784743175814114,16,0.3510281381837179,3.465834769655455,0
6.797144192255107,20,0.22213305387683013,8.858741929500557,0
17.048344826541058,17,0.37121302300647874,7.403553234245104,0
3.0537841534816397,0,0.17692485448240114,6.39130199433156,0
116.89612566584509,11,0.9814476501574148,1.2091030500896194,0
59.03812778580514,21,0.34864120181511904,0.6890899205515377,0
10.368811949626398,13,0.5569336555211398,6.45619338331627,0
14.700517857362952,18,0.9966978742341837,5.128583215693862,0
20.211455155285922,0,0.5189141388838686,9.845471713395744,0
60.70887230925749,21,0.31066623701229734,8.521489996743622,0
24.976058550136294,5,0.614014127327288,5.700853361885152,0
10.19053211663639,19,0.817167047916556,1.192843142229153,0
23.76781879945811,21,0.6164443425363736,0.9824918031219332,0
89.57924017213819,0,0.2203562912494874,4.6170774170716005,0
34.506578816081316,20,0.19246507705183835,1.4934167885682426,0
26.91000446670356,20,0.7171804294655862,6.851873791417801,0
107.54687206839301,21,0.8488645380905079,0.4715176956085043,0
12.275508018105945,20,0.699153616118166,9.938368966918537,0
27.825593439185646,16,0.09324847300257888,9.4584666063505,0
8.548387927173135,2,0.32225081805215505,6.0407597474583525,0
9.522705495299677,22,0.6855088238706902,1.9803276017658877,0
71.48683855497482,4,0.7110482694791063,2.8227963687487003,0
4.926279279359269,15,0.4641642628849645,2.944291634990458,0
1.0106318269973373,15,0.298069129026297,1.8631861494483337,0
71.4087589756708,22,0.09220828723540908,1.0996492621771836,0
2.660988748127186,5,0.052983682718296454,6.630683121502152,0
73.7541011551748,17,0.11414256443196602,7.4784517076303745,0
29.239215100732892,17,0.33739466495538484,2.4437361088583542,0
13.167328775708738,18,0.6099822433730077,7.584737689311178,0
23.41258194944467,16,0.8481617206570778,1.6496765276561443,0
9.213874303870629,10,0.25076927388793924,2.3297087535898617,0
6.724763891705833,9,0.07558298177932787,7.843487584449155,0
47.08308058901002,17,0.965860023718959,9.77703093012938,0
11.411521736075828,17,0.616851780312422,7.778658934650889,0
158.71423727931523,18,0.14214402047912156,1.9740130576653614,0
19.416669412280854,22,0.25065770224846784,2.979519406511516,0
22.262254911597644,12,0.4186906775064977,6.39680624091639,0
9.245653617645793,9,0.967375928425001,9.5472777204123,0
29.428765615228958,10,0.11728557163212472,9.946623943281693,0
23.58961565535294,0,0.42725740569423065,5.8760414391312485,0
11.43356735285689,12,0.4371977219391414,4.3642932009551245,0
27.76604516829034,3,0.9921709409962107,2.418038965279703,0
16.571282554130867,16,0.19273796258254583,0.761940205963415,0
15.843283948470015,4,0.46837735774979716,3.071759927907597,0
64.41106619011275,5,0.9868585951225531,5.598649654024567,0
5.621056179595669,7,0.6569215451695206,6.388487316926305,1
53.96543752581222,16,0.1650676834220618,3.3084190783869327,0
5.543488078103226,11,0.93604255795211,9.595448013911298,0
17.481135338180916,17,0.5427808634576546,0.9434606124992295,0
28.380354603614055,8,0.8140241162508252,7.094895084868853,0
15.836896921663827,5,0.8060134509214454,3.7698199367635086,0
44.61403082107627,21,0.5525396163773421,7.795324584139973,0
32.802457318155675,20,0.8161935630439417,8.347375828633355,0
7.397227490924497,21,0.8848736673086057,7.251381553948068,0
15.67680853424829,18,0.8126376479075519,5.709024411234679,0
24.634423312643147,12,0.6310783644495139,0.7742230430155805,0
62.796176455251214,2,0.5876119032223904,1.4074647515442984,0
53.07744982011675,23,0.4634291895808156,5.96931218165224,0
20.1400884485533,16,0.08109359268302374,9.64415767251367,0
105.50771807471342,3,0.4775067353399598,5.295710631036327,0
3.735745309433654,12,0.6294307898417721,9.002978371071137,0
9.38873156982714,17,0.4524734669005275,9.256981863699894,0
17.20498773925199,22,0.41855456830575355,1.2013012737146067,0
28.18908731768548,9,0.23615916893290434,4.562120073560866,0
36.197662934756636,20,0.36602906993049444,7.528135849142337,0
5.8279125765314665,4,0.20402444126617247,4.085736703061826,0
17.6207722473625,19,0.0779093268889911,2.9350282445931697,0
33.58327225141777,11,0.724230586424026,9.140758282512751,0
7.3002501441284515,5,0.69973861609576,5.972103852141673,0
17.952033272432214,5,0.517373051928268,6.28149509510974,0
39.91463017342017,21,0.07909710323491137,6.988228285586685,0
129.8901153551191,23,0.6164790379576846,9.728515528257045,0
11.52752322421162,13,0.27905869798171323,6.153796450788109,0
28.172820846668632,1,0.949215706720152,0.16209925595785157,0
29.829340265971208,3,0.048313718893286506,9.663379685550934,0
7.477088621253312,1,0.0029029054295354184,2.2723644094840156,0
48.45119557741935,5,0.832520380869041,9.613938193991274,0
18.831897250116768,0,0.23201037567283966,3.968565536564662,0
31.672847724964686,9,0.6700179464613472,8.59201652195609,0
15.007745387785201,22,0.3489892709318535,4.010380436883288,0
15.920344009022038,21,0.8234848341813947,6.300639922939013,0
13.063026786881048,20,0.8536026143367839,4.017580961500311,0
8.04782077390504,7,0.9418662572984647,7.3887872619861605,0
2.689201598191736,22,0.385261208891841,8.054984938192328,0
21.746927006279318,10,0.005965724114543991,8.486871121244539,0
11.565464516485129,23,0.14410516016470376,2.2289386763440344,1
8.647918393376287,21,0.30799495661348575,8.305716917146668,0
34.86194748609065,12,0.8081121913915318,4.0397467628777814,0
23.275677041819506,11,0.910427567791774,6.069024313801923,0
6.3946448549189645,4,0.21013647051128548,0.6238260758925085,0
19.526669974833847,18,0.3903931819850486,5.996528569940207,0
13.076148229915285,17,0.5661829591004679,8.246051685811736,0
27.61922438339202,14,0.27704844459944233,2.8294037261306295,0
63.681564593465005,11,0.3429144872533103,4.615700378298847,0
9.166332410088676,13,0.7868040743473522,8.214970475318307,0
14.012675375891268,10,0.1688725791221649,3.0028838543843617,0
32.58425995750332,4,0.5390322467957579,9.192515249871551,0
11.282477413003535,18,0.5811367958077114,1.544725274056522,0
23.526248713643792,1,0.14181201089643158,4.7558412849363645,0
13.486403098153415,3,0.702285870458244,6.339092592227955,0
50.87422517276246,8,0.19976913520268047,4.713817807430349,1
31.897282884305707,7,0.6974998415982597,4.126505682887087,0
13.255157851046677,14,0.3992751839195361,6.367375769226252,0
17.257825395717443,23,0.6120262638407454,8.881361320126954,0
5.631088906657819,13,0.5827323634327986,6.626724548502871,0
17.788908737637822,22,0.9843235453608481,6.241073745717797,0
8.225278073794549,6,0.06360165701171738,7.4511553393847265,0
25.017387619825154,20,0.2780360192620387,4.0399196547597915,0
32.49231361079509,7,0.5898200114984037,0.1735961052249002,0
19.405440504454425,3,0.7567855256918345,9.389244425268974,1
27.6880193107251,7,0.8938301864280273,3.062733762003914,0
26.306484601279966,8,0.09847857302031016,7.681736429082994,0
46.395282869600344,10,0.2794136136300889,5.893222233129558,0
2.066138246087404,23,0.11349403349350295,6.94210359893421,1
41.32742610414329,8,0.07317781563529191,8.177976743446107,0
95.20225420587825,16,0.018978754669887854,4.925736212934747,0
35.421289459272685,17,0.8040878095284241,0.3406512539104434,0
7.207954417967325,20,0.1563447264662422,9.632708871315218,0
58.58248967735573,8,0.38778902702392315,8.028945527321808,0
14.958199879448953,12,0.012085673675102715,6.423539760323837,0
15.187535788742224,1,0.8297666606825347,8.887028001242825,0
31.960856539449424,16,0.10794260506831954,9.238334201279175,0
26.629725760232564,20,0.44439354419740695,8.772874543398476,1
51.76369777492448,22,0.36024744284512467,1.4241707515953572,0
4.516172803377223,11,0.25386908211062953,7.28825241098956,0
14.40988128088395,3,0.4614777931291685,3.1895928595337484,0
6.371724596605766,1,0.03932887359045878,0.4235811023658387,0
2.193394398622679,9,0.36439578569330755,2.7887384973290352,0
10.259806085448492,3,0.5382682346233322,6.546310764684979,0
27.67373597046962,23,0.6076653741370444,9.128006849246976,0
69.07175250529262,0,0.548033889932791,6.907696003930743,0
90.38307002347399,16,0.45426548976514347,5.816904148977063,0
19.678590669389536,11,0.584470669313362,3.3370500882668317,0
11.127960979618935,8,0.08922209213414867,2.2150032615666415,0
27.464119052288858,17,0.30962570028539027,5.5156406443989425,0
84.28680785573016,21,0.9667122735737537,4.838077596350362,0
21.887443437909244,10,0.9568649696803375,6.851701617563355,0
80.02831713306703,23,0.6298943529189643,5.376669087276563,0
49.22312366357282,9,0.4993162035959019,4.15870227369597,0
42.09799496281208,9,0.23023278389277035,8.473617073998486,0
22.80067476525415,6,0.36017944231532284,7.951125867753309,0
324.42665675155024,14,0.6468988085091589,8.134769587167135,0
37.77187247724755,15,0.8123078715191085,0.9110023956198376,0
26.561759150153023,3,0.8272731659647424,1.4919243443353025,0
50.57654503959291,11,0.13849143093403404,2.004185243276236,0
4.077218066487222,14,0.5052491019674414,9.099107566994473,0
13.411864807217853,20,0.7142082651699438,3.6175852658164134,0
10.519490318228058,16,0.6962774290094623,6.550620632350696,0
9.73295253408653,5,0.9735364013664326,0.4236226302650814,0
32.72903364029033,2,0.12722080285090476,7.3319066312920285,0
171.93260636807523,12,0.46169051558105134,7.63071094547843,1
11.281255207813317,1,0.07804301837036487,7.455894307766951,0
13.001572716369562,22,0.5706566478708242,0.4346264402258826,0
14.870331755276046,3,0.6837616399636063,0.9828051170304319,0
22.848084127842878,5,0.07487949886268297,7.425983310371741,0
9.869154504066502,10,0.5332681476333784,6.268492104094206,0
7.563702889686339,2,0.972381165911074,3.6404636647115773,0
26.97390988027116,9,0.035260471236210456,5.543434579698925,0
5.649119878604408,8,0.17810842141261896,0.0362763570777247,0
10.176557203845368,18,0.5462183963567853,4.311799819351682,1
98.86006603295681,1,0.7126442849710223,1.6703582610029932,0
14.26844817823149,22,0.8242681396073336,9.659816190374814,0
6.320838202917568,18,0.2978847620759134,3.16929521277562,0
56.66208448845695,0,0.33523609130838783,7.970457584947017,0
18.29878884964532,20,0.7889064344711302,1.2718222366619059,1
10.091883349985025,6,0.42078764096654175,1.8009592523756324,0
21.09618019030809,9,0.8758283275793018,6.980574173204236,0
2.472073479064345,17,0.9200224773707462,7.729749911183765,0
29.215889005042254,4,0.8511297884276315,8.987457453231263,0
7.882016475718108,7,0.08395264653417656,6.944065988217685,0
36.58206407707535,6,0.5397828852704646,7.075847697477756,0
305.8363364637279,21,0.9462212308753002,2.3259396243000916,0
218.19950790138287,5,0.963721020753292,9.459181343629515,0
53.85679823275249,19,0.5260816888060614,7.127605404542679,0
123.47880034680324,9,0.43270045457945205,1.774406271789547,0
29.397571541075934,23,0.18851659736355042,6.489628780046569,0
9.645176834637843,5,0.9971756804050238,8.096082952514909,0
5.199078010128507,11,0.6198644116224094,4.6329802910761755,0
17.119593123481142,9,0.07986956926083344,3.3759445306571303,0
3.760665692685172,6,0.8770696544725436,8.596955251163184,1
5.580018071052847,6,0.6566749282710302,8.547830747341852,0
51.52592631093628,22,0.33169885334098226,7.852676825806256,0
17.548080997951796,15,0.18521828149115915,2.0490494894081657,0
9.068984641615918,0,0.6650962549560819,5.599749116217426,0
20.580659206759158,2,0.009487110431627421,4.4008760901629085,0
7.4138937621674215,6,0.8640332449350709,6.9758674043510815,0
60.997621606127446,3,0.629706058310482,8.951481399823248,0
11.591660018149854,4,0.21239295602214292,2.4687145690488266,0
12.394454832000209,4,0.6951507353550279,3.1003892087323583,0
19.164120756345895,5,0.26309712763960236,2.364994792408246,0
13.779119404144167,7,0.8846329132031481,7.567159799055494,0
89.01553409978223,12,0.661816428808772,4.969726453081453,0
107.59906198871091,21,0.8863086105358533,4.763208207572585,0
22.210069992496294,8,0.7298116097673691,4.955096202373444,0
134.5910042826099,7,0.394246557668367,3.0804517751592875,0
35.562459285957175,15,0.8155358732972764,2.288369836786269,0
20.944923365099797,13,0.8162619487719239,8.03508925098091,0
56.566396047119454,15,0.9707916790515313,6.296635490611514,0
24.01617927792843,12,0.6189294466802617,7.206642391619261,0
22.05870394583447,3,0.6869204108885276,2.9913672160245453,0
18.03239220618496,5,0.4818716947732915,1.724739324665009,0
10.592874633110196,14,0.2700894011249102,2.7088819457585886,0
10.479612091210923,10,0.08230397437730252,8.927938023923744,0
4.0709402447483845,20,0.75428633848464,3.368291788068868,0
4.427164633962727,16,0.46957505854564385,0.6397114981653795,0
8.669584430011087,13,0.8448066072776534,4.89867246918657,0
2.9005508406791383,19,0.4321884861613521,3.290849487238239,0
13.090029385696507,0,0.9423384534353528,4.793789336509267,0
6.911688580582831,1,0.3716344422606328,6.893443451492244,0
29.930380503677267,22,0.43584935968642513,9.550298946518526,0
36.82656578562344,5,0.6573629465337278,7.789995726878813,0
9.606547583271285,21,0.3177031062001784,4.946672242803029,0
96.15392488528023,4,0.6276592880756678,7.7332660491283445,0
11.778669525085736,1,0.01310543688818444,2.394674218192472,1
47.19872293902508,3,0.2446505608350884,8.27196861050343,0
10.912338903777359,12,0.23344419013430573,5.516797310589712,0
33.04171249400618,3,0.11097737752076176,8.122898591714394,0
23.137937792360383,23,0.9255138131577783,5.731274915818066,0
13.125610412714108,18,0.9839684030791167,3.315871004640968,0
64.92378474784638,23,0.04026972831702613,1.090386422576869,0
16.62626627767831,10,0.4443807024685553,4.652977852014448,0
16.763794901990725,7,0.16603298003324518,7.371037852777863,0
44.48661245595825,16,0.829531441570029,2.9649421884296134,0
4.600979742028322,6,0.147378540480812,2.961775345426123,0
43.85558311299343,22,0.1838791020772027,7.686800533247694,0
37.837365735209396,6,0.7349159041430929,1.8671385732747525,0
13.134602748019157,3,0.08917763839284665,4.069014669732125,0
16.83890637543676,3,0.9492941284805169,6.183350892054335,0
6.431989170032154,10,0.733158916436726,3.6975260981711955,0
191.70543830579234,4,0.9771890920972501,9.643644042961666,0
5.884513167507336,6,0.4470959762077942,9.195125065555793,0
7.31304964234768,13,0.23137454371212618,9.489760380159293,0
143.32905332368728,22,0.9358973933598704,9.82276098114427,0
158.3229910620828,1,0.5074765271645788,9.734543033193559,0
7.4671780749196595,7,0.9500063814068861,3.1613694889710633,1
52.34000004800792,21,0.9534405010748228,5.275822507321699,0
38.86947325453489,9,0.7992722630964397,7.83767167098522,0
12.131633736113411,13,0.22583010863087394,7.1962185821457725,0
13.855723945203195,14,0.23407345837007354,2.6229858496560987,0
18.473097091096506,10,0.6466840209655712,3.633196613596529,0
79.01735751720115,6,0.4771444992556111,9.379504280455182,0
81.26964074580309,18,0.4165459381072395,9.334711264433755,0
10.461054103745791,5,0.20395987804532079,7.25937241418519,0
24.921958536460675,6,0.22189140919174022,0.0651303376272061,0
12.826292454499946,21,0.36489992623549794,5.1619857489767815,0
1.4978505433480913,3,0.6313346083585016,2.0973490219684687,0
42.614507333804674,13,0.0420450248232922,7.747981465194668,0
16.095441462687038,23,0.39112223602327734,0.8120696402267435,0
8.486740293521496,4,0.7475817023005968,8.078005916069644,0
19.332463731254844,10,0.42103490352702977,3.059698069033654,0
8.125449181859574,15,0.596922360706989,3.7155425183613824,0
112.22030614872028,6,0.1005232963116075,6.940829258940911,0
62.35564904295581,15,0.9388573893920161,2.2927099565106057,0
43.2488368633834,17,0.1389949995451073,8.422249293078128,1
9.353765226747427,8,0.6490969378370521,9.30081948653171,0
16.513598469739616,7,0.16650336810042232,9.881735966318658,0
6.807405372455158,13,0.9842317792059928,6.927923696584014,0
19.69597926831002,7,0.6328088967585772,5.609069881462299,0
11.43002789785266,5,0.5204834919192912,8.912168619298837,0
20.27778562084814,10,0.8454639422180227,2.8349194230837593,0
49.94173032181304,19,0.1708333326231538,5.328144539608324,0
25.71838886322419,12,0.424523973988187,2.171522396487574,0
14.059523558709431,20,0.9773106348370503,3.25859529725376,0
8.275615726138978,21,0.5068029023245643,7.023338549376539,0
1.3451567965070212,21,0.6290073599774952,0.9739318919573292,0
62.60939050264905,0,0.0681214263602119,4.858972440255007,0
29.660213444488136,0,0.07196469489574464,8.414109872845412,1
89.05464433367571,8,0.061635584656155706,4.958901788986036,0
11.798118226667457,4,0.49044985761096427,2.4094134831893497,0
1.8712083385878233,6,0.7187887231526283,3.5546207531538365,0
35.389568133842374,14,0.3247001439685201,5.79015438700225,0
6.719908413260381,5,0.5752268213616376,6.225750681975915,0
89.18038431919717,19,0.5770478984814039,0.08131048180088807,0
6.602584191285938,0,0.1583849542901562,1.7905440029458763,0
18.36902507817777,5,0.7508981179123589,6.917410216004121,0
32.95000218600943,10,0.5462966968904072,0.8315650720744294,0
28.672222338828927,14,0.1200458007023486,8.509864261976979,0
18.48709653792637,21,0.9476530597940461,3.0543180871265196,0
15.832455378085374,17,0.24653014272254614,7.877296587696002,0
59.598473557640474,21,0.4130330767849706,8.41657461802881,0
15.540043934987857,9,0.9444958701221673,9.383720197779532,1
25.35590256693579,23,0.3324795921126482,7.087911949778306,0
82.61592117840799,9,0.1850763842480908,8.61780427912102,0
25.00410657247251,17,0.9824916789569076,2.7275919300696083,0
5.491857628763304,7,0.9956737168377021,0.1563817211273144,0
49.16877953085575,5,0.687819945484694,6.794811510899862,1
17.61377147009902,22,0.8941345328909818,2.560652448051931,0
46.56137360870695,14,0.9987949366488528,7.497468044302217,0
10.373049849472723,0,0.14634812816343834,3.7523314631275184,0
12.403912949377183,18,0.8418261039941679,7.681303190497846,0
21.48564557128001,17,0.046328542242499826,7.617994470034252,0
11.468484394625516,3,0.6441926844149248,4.41604141302509,0
13.749234400165285,22,0.6241151320283567,8.594957915770166,0
85.53533989580312,7,0.48704830783343467,4.692333322875955,0
17.169795609677085,7,0.5755865753302818,9.589465566145007,0
3.5245832708171205,23,0.2777755882037508,0.3988989369669005,1
48.079654175422824,4,0.0073268489409822335,5.420341850208338,0
43.13787357554509,15,0.18818687116888488,0.18594081524657913,0
85.07071593247433,10,0.9340550160493748,3.153281002220937,0
14.862481539407629,10,0.2715351656510683,4.619438563253565,0
10.349766520515669,13,0.712831224152627,1.7078362372631828,0
41.00407922176654,10,0.45510722984725616,8.14103141783751,0
22.890484579585337,12,0.9811821201032032,4.192869960325545,0
68.61311919900417,21,0.9786015013478429,1.4443002183977727,1
54.15730318633958,7,0.529190485927526,2.917578429440936,0
25.620926234243335,13,0.3445752282705963,1.3383691353947114,1
6.925030484708997,19,0.4036390445945439,5.433070773022819,0
44.97372761740231,0,0.35735801928307587,4.675379211898212,0
39.369570947814175,20,0.058565940588876875,2.1112682643059335,0
39.78085251107651,18,0.049776000995991665,9.715285571652633,0
8.25618855095417,4,0.5612658114616206,6.595991275916013,0
37.19590277092355,23,0.5752759004322585,3.1981672813446926,0
3.0350090541695462,3,0.07274113103961666,3.6820644952565296,0
9.082109246357708,3,0.38697819482343976,9.42440333450958,0
20.47220955561609,1,0.9200546667775901,5.778576893639682,0
32.88585318420176,7,0.43671088456373053,1.1193662588318642,0
41.13035376908254,15,0.35621180297979527,8.064908424898865,0
6.334061940925156,13,0.07266183429178674,8.785438070049404,0
71.99729595223175,15,0.8270258579628685,6.502663220357249,0
9.527239516683148,8,0.590706683659127,0.47329775880462166,0
13.462197301985448,23,0.16842205944835875,2.9529720783230093,0
14.691502079076816,7,0.4154826274265566,7.322543714364631,0
4.310101960125775,12,0.7292651147995726,2.5295225732352,0
8.868550739653525,4,0.2650101110583154,4.389575021258968,0
25.267273928189084,12,0.4865962460091673,2.8276552081355986,0
82.88005377126748,12,0.5431409141274185,1.0177261562568418,0
30.334682040200338,4,0.7141231352144557,4.537482990326622,1
52.93400423462913,13,0.5726638848257601,6.27442347527224,0
6.502206711370872,8,0.4563768097472687,2.893207010928732,0
26.900828714799943,16,0.1729100175971786,2.265986140104166,0
22.79125288494148,18,0.3100660856811682,1.2467640502913135,0
15.49724271722904,4,0.3863947315972618,6.816612574206267,0
16.92596687495534,7,0.914043826594819,2.2756069317475935,0
3.986620922924752,18,0.6578541458163647,4.310632413837893,0
29.864569677060068,2,0.5411154063235092,1.6835581037894098,0
21.81111516185003,22,0.5100628730507518,6.159185095900387,0
19.07815071588783,10,0.6556423637899814,6.243484934380175,1
50.45857627677386,9,0.229462447361112,8.564703662716086,0
67.39160273704651,19,0.42816396757463704,9.853277816959364,1
13.799797007968335,5,0.5644098175843569,9.013856514730993,0
272.8752215399438,20,0.3677172241032576,8.228198946192153,0
41.887354855240964,18,0.052114259871618884,8.833528602557607,0
3.7490711320664474,13,0.42856943495158983,0.5379618625600746,0
26.58179844866486,1,0.1390294308223714,7.6157849158231645,0
79.11160953524234,4,0.7839989574961691,3.6960103052314732,0
25.66657631926738,12,0.5054833603126697,1.8836394781725974,0
5.726727429578634,11,0.9664316264732439,4.323745171546653,0
13.176084145048403,7,0.36636709012786295,1.1529880226436073,0
13.918100208093481,23,0.2653731723375996,2.681467998822221,0
7.72572957612902,17,0.9975890851346502,4.127655921373357,0
22.499711955361335,16,0.3232165799474259,5.873814981396809,0
89.89264101094237,10,0.3995173966640786,9.3432647339415,0
5.824493650613132,14,0.009764559176130838,0.7377687786648623,0
12.053647305002363,4,0.21159668176820623,6.20923504684511,0
274.62620028022695,19,0.7756434010618379,0.7665523697159138,0
8.989133146104374,18,0.7055800170029211,5.932913318983153,0
7.133409656709117,12,0.4009739193609001,6.0366874456560975,0
23.033759518381046,19,0.9183766604724958,3.897541831298772,0
4.433485738967758,16,0.5432934856422229,0.5204276990261347,0
10.56152463487265,18,0.6289884563550715,8.210472851148298,0
48.991711364849145,3,0.8035196437397841,3.370535502173315,1
1.8890422101518514,4,0.7034171098979286,0.5977872261792849,0
10.731477276920879,0,0.14930911276279402,0.5300525044548554,0
1.484213675818133,11,0.47814051715469297,0.8753800340891627,0
71.64445406937296,9,0.6035069611224743,8.658088766615553,0
9.49206394158474,12,0.05092572602291545,4.73837640691335,0
18.636222461837384,18,0.24550511783343765,8.727927331222169,1
12.103398376168837,15,0.7833670399191003,7.488213739197354,0
5.93944745555969,1,0.9551127815532797,0.14058599704485308,0
32.11864865479793,23,0.9803447047477705,3.0479091809959833,0
14.396167367499121,8,0.7180863722904153,5.223394662117697,0
26.92710860138611,23,0.7023514582804805,0.2981652345876984,0
37.21829420139771,4,0.7062232002559022,9.58314957536433,0
29.536490092610325,10,0.2962779223101406,9.09406487542231,0
22.841176725446246,3,0.4110031870362647,2.358869315138871,0
15.818814402034404,18,0.17932823003521325,3.6587715633181803,0
4.735925173156149,7,0.47018524547592633,7.267865168379487,0
30.21484873524951,15,0.04061898980684142,0.17200414559807697,0
15.743362406382264,16,0.8289085369092286,2.2490630344294695,0
81.30543019035215,10,0.9474585883695864,5.128613922588928,0
59.81279311344939,8,0.13814700696354798,3.629779585482429,0
73.6475802331119,8,0.4848398381944915,1.1041723649486845,0
31.87538008736116,23,0.4395248351936054,5.548967579491018,0
60.79881820353333,6,0.7457747161838411,8.223017223445423,0
20.66342524401338,0,0.5143984616837811,2.3116299307512866,0
161.4530934730605,2,0.4468108063206777,2.2260296254656184,0
3.146412665883804,8,0.13971867945337713,0.7072049724963425,0
57.198527159513105,15,0.2858900038327935,5.542826981968484,0
8.305142413050477,13,0.5877687995108223,4.0468311751508965,0
16.735795364354686,20,0.040721162794975285,6.319727559057194,0
12.920907905292603,14,0.33365671262154417,0.3471656270823398,0
6.278558812819379,3,0.1432496654479779,6.4006633181359405,0
8.517654104012122,14,0.07609007303007953,9.31794413853104,0
4.014656618623633,10,0.42624322103053147,8.218313958229386,0
5.271597044129885,16,0.3055114710172795,3.453073940488045,0
1.3130065215820985,8,0.5718853754445573,1.1055586881338675,0
12.486749118762921,22,0.2049591873062213,5.384552274124935,0
6.918746724587121,12,0.05546381935450473,2.8379584864882865,0
8.234352083198702,2,0.03511502402871636,0.10774639655356522,0
100.60092405055603,1,0.43177678800983466,4.086604830123597,0
8.493390319917644,2,0.00783120478793331,5.399590558645259,0
3.039863989892657,15,0.056001340159197,7.7547592633477125,0
193.39844743104874,13,0.3434118206283593,9.797287244458698,0
78.89995174111829,3,0.9406167235676494,8.66616768185921,0
58.14776972118856,2,0.7153687395150495,5.415256779077939,0
13.967657590555278,15,0.7395646222758608,8.067115108636457,0
4.971250933144692,17,0.1706572971449083,8.292046747605628,0
1.512748581090712,5,0.5703698921192545,9.667111529913873,0
2.283901811365952,15,0.2309876838936782,2.4695901561206512,0
27.52586519713379,19,0.5182980439439702,2.518400443254112,0
5.589953502327896,7,0.8133384205648333,2.1855607567212507,0
22.640796751461195,1,0.4316474465188411,9.011937438512051,0
22.269612799672934,0,0.22867786584019967,6.840558789612103,0
6.273602752997675,12,0.30803980983560164,1.3987060530013573,1
12.05611167773971,17,0.4897537499422796,9.613410647357567,0
6.986139490207681,20,0.8100198870578765,6.054465249182845,1
20.47984317398195,4,0.633773000199906,0.021058056887702792,0
17.58000847693009,23,0.9555218927603395,4.36630243207804,0
65.03330961466163,0,0.9766592821189365,7.728073799178504,0
12.521803601613462,15,0.3130866666956541,3.1028969733304566,0
39.64449279241696,13,0.6601776719182479,6.711114158708812,0
22.725782353333926,23,0.7083430924479296,7.18031779114218,0
69.04504901367308,14,0.5599589915384291,8.285730860407895,0
14.882930790141163,9,0.8035932831998457,5.804539873636402,0
5.29659171409557,23,0.27607363600252377,1.9154249675673574,0
7.090258977239517,15,0.7617308989007092,8.422279706121877,0
9.191610604113077,8,0.2511935036136107,1.832961695466857,0
91.51097481466525,3,0.5429694229095808,4.585249810720708,0
57.476895320263466,10,0.11308574723365628,0.8996582259185681,0
27.40162155687755,18,0.6854900130927356,1.5921710799603195,0
11.674313418981155,15,0.8566978633327094,1.918273862345029,0
346.10197289219485,8,0.7410512526094556,7.194978791493569,0
4.024518518235724,11,0.95356221310094,2.198174754347945,0
12.87581093017765,20,0.988788387310524,5.1216085109343945,0
98.42702426332711,1,0.46086750770638807,6.774615848147558,1
28.68582857493453,10,0.15480772391868436,5.499933353699501,0
259.08034733707785,18,0.7125380878095804,6.605273828746548,0
16.649987977203452,7,0.4205716704784034,8.994730063523233,0
7.468708479839139,10,0.38382047804185715,9.659094054071298,0
16.88621918689526,15,0.181654981995521,6.84053022990315,0
29.15914243809144,22,0.04053556324703733,1.8676716612813848,0
4.276844317436031,19,0.7639252211443724,9.792439078521774,0
15.037924745957845,8,0.48182923651938536,0.7023183110713038,0
17.74331025715438,10,0.39717358070392816,9.277349757076097,0
18.06150336394894,12,0.3668498354867228,4.517333648395022,0
8.119426343940967,16,0.5043014138079559,8.42483411357091,0
2.2026011724881625,10,0.7421444489010275,3.4017421191354846,0
7.296759927436777,10,0.4342147318495182,5.614953919393917,0
8.674143246655369,22,0.09534826403053209,1.416671750684101,0
62.690006752707724,21,0.25858080212191237,9.051103508152545,0
29.878514879606936,17,0.13326246680151344,2.998092740245044,0
128.0819162507464,11,0.19006863130094476,2.623107163005838,0
21.098808944476907,8,0.8745797036751394,4.456738552126098,0
31.333288664441532,22,0.17202833794164452,3.6551797455307877,0
25.85096852025777,22,0.7260473761048449,1.3790968874457865,0
8.068300296449298,19,0.3020972652265489,0.24625560523981904,0
50.90237261081706,6,0.9013309619805193,3.2104127396263626,0
37.295082396115234,8,0.6221459479925785,7.1983246895130915,0
74.91682414659155,9,0.6747803079470985,1.890526550620728,0
23.190671631724378,9,0.5252902547541464,1.7249880473857493,0
29.142981567421106,14,0.9270990777231195,5.322802286020658,0
50.493235024420905,4,0.15779120164780802,6.716695913914902,1
28.163668003587752,11,0.2863510388973979,9.868303322131345,0
10.163373393380867,18,0.9045508837165778,0.8339913448088621,0
52.64491416166233,2,0.9889931802934976,4.635037939079703,0
172.1294732950618,23,0.7703143586021272,9.687584843303517,0
19.93402598688181,23,0.21252019284532064,6.432109509880279,0
39.235206271833206,8,0.9083162109507664,6.505927224261409,1
5.639449629509724,17,0.16780851207872038,8.989883066456473,0
8.221499213168455,0,0.8749216686287106,3.398742009362951,1
49.48001034072337,13,0.3830626274695027,5.481118237391831,0
15.334756491313371,2,0.04798394292123631,4.682593360621581,0
18.60019047780454,23,0.6118010839451317,3.419735489613008,0
33.84430424870338,5,0.3693841170096208,8.82951822229108,0
10.197231567669744,15,0.01923598598656162,4.186231090175575,1
51.5335185765728,2,0.1507468332277433,1.4123479403283212,1
32.754291458409455,16,0.4559363631188623,1.5520030168952603,0
60.49806736385249,4,0.6522791881643477,1.1460193597869317,0
101.52059867926053,21,0.03284067039791039,7.452001751382566,0
34.358978005542546,15,0.5207789206429712,9.610219061028793,0
26.82155889358143,22,0.0470706751628317,2.417623105087554,0
11.449589488643005,12,0.9023980956474132,0.49672063575008085,0
27.550555034705738,10,0.7070104413075541,1.266005167381291,0
20.03615677778534,11,0.08392920415866734,7.382120549334678,0
17.31825875903674,9,0.5076485287126266,7.9726942744519995,1
22.6352752883219,9,0.7351086131516212,3.48452280390846,0
30.617610392840387,19,0.28796414798555015,0.0843380630653301,0
11.856788282880016,15,0.18778650965909705,8.67302246332987,0
20.230808280800677,13,0.675701289593327,0.9088931035346248,0
26.85261602787804,0,0.7788882233038739,1.5317939538886716,0
80.45900691223987,6,0.400803197986477,2.4676745545101273,0
32.38957839949188,8,0.24029638428464706,6.356329260312554,0
27.644513115509753,12,0.9419334359306972,3.4948659684389147,0
38.5359538268661,8,0.5362638056340547,0.4549722063027295,0
171.8622920972714,21,0.4902254127535761,7.598936164705808,0
33.723097647212505,17,0.7307309141024395,5.536988836322978,0
30.011394308510216,14,0.8961028990513434,8.302186708797901,0
82.21538798304222,16,0.30573244110719955,0.658150333118469,0
42.07347825862616,1,0.8128891253613799,9.514015522736473,0
3.746426967469116,8,0.9334096278739675,1.0288049216728556,0
6.647702594305445,12,0.9617783455967907,5.579640074653884,0
33.71151485910928,20,0.6877615215101783,5.2010777520675,0
5.900675428575822,13,0.7708586211663906,8.921373819130133,1
34.1239745426532,8,0.8425075341124778,5.619173035683401,0
56.28224330360916,14,0.7923705071232228,2.786604795932589,0
21.9547304725003,1,0.18716478009319215,1.718780856116915,0
19.69476442776989,1,0.0022705509609703967,2.5966323665265323,0
18.33768338255915,20,0.5738064210202111,2.7032650504840348,0
29.133214229130473,4,0.6248910278791923,2.115826239861678,0
5.185010676959821,15,0.22583097951826436,2.3396256306498655,0
37.52705618734404,12,0.18738756501177845,8.570494098886739,0
57.52552293243732,9,0.5322755085113645,8.70619527474875,0
77.0382126960505,6,0.8931772979120475,5.309904596763997,1
4.447376135226976,2,0.18780467097634623,9.148989053839436,0
83.47175643860405,23,0.8750163600888731,5.047688724975698,0
22.786816384127118,18,0.8629935874977537,5.9983703109937805,0
29.992709551734535,22,0.25033624235382224,9.939989882908819,0
25.69617530007264,14,0.7977118131047269,3.732309635111325,0
13.140963108666744,0,0.9586760679081773,6.27572919282248,0
6.369516733060874,9,0.1577316005004421,6.840341733325852,0
5.929069397599045,20,0.5459745699237712,5.9551061865516335,0
38.600177905219354,8,0.8066412987600939,3.152335789947448,0
5.98668616909742,19,0.33183094929997026,9.216256283713724,0
21.975528643185363,18,0.07611836909669856,8.960973506886953,0
42.62051332910891,20,0.12278504923685529,9.515611594336008,0
10.485141782973303,17,0.33337681096259664,3.800755067453725,0
127.91007441033527,6,0.04257086132068688,8.881807745105524,0
16.045323986536108,19,0.04554880842749254,6.319247600485895,1
25.398898405538425,4,0.9747439639666374,9.961491479086813,0
15.858451730070199,20,0.12313801400564872,4.091172723950911,0
9.424363461040304,15,0.16334335275304857,0.051427395256885555,0
60.6286745865474,15,0.5908758015285375,5.044752807177374,0
11.148874424027683,6,0.8148633969133625,5.388345215644032,0
11.82624296541076,8,0.15965688744167295,4.636203351024034,0
4.942459824898668,7,0.04302996757912825,4.058729170001076,0
14.937485752938159,10,0.21974927574161218,2.199109433392279,0
10.413106313578352,6,0.5039326195770014,7.306319259728556,1
118.18310501666762,7,0.9914592275919789,5.320853724853137,0
42.34019892333856,11,0.6180810324991165,1.0433554332279582,0
10.226373952344398,19,0.22178167712997443,1.0057740772853474,0
25.404678729744433,20,0.01105243823707902,7.772294718369678,0
11.707903223167472,1,0.16605788299673085,5.857657149950954,0
10.19628369732199,20,0.6561828250253148,5.0517821589799805,0
3.622987919230435,17,0.31867349080599217,2.2114244589061283,0
8.5538299833326,12,0.5550564445931961,3.132758962879847,0
48.69627443747964,0,0.5858288159515226,8.15387936949538,0
20.613114885118108,23,0.15901855565770529,2.790668910631763,0
17.955542263924453,1,0.408569824587966,1.7647413712361448,0
12.735764239067525,0,0.5536921716021154,6.590473001779637,0
13.403931828452109,21,0.8672192826926696,7.6991985616443035,0
66.2001692279166,8,0.7995010627222604,1.748705388507663,0
25.563374191990818,20,0.6735290677576997,2.524508229289224,0
41.36362286621244,6,0.7771857102594676,0.32040076114708826,0
26.53505775882466,21,0.9584494649938584,0.2938791850613076,0
45.28669096187594,18,0.7629693864880032,0.5482524592330196,0
46.60957127309933,0,0.20398179105888548,0.5746788825185567,0
12.207382970521019,17,0.33608508218301325,7.780770894734857,0
32.977053559898806,21,0.36790982979115194,5.878794011007846,0
45.70181123468773,20,0.4375559756790751,2.70044821739528,0
13.249264646276556,22,0.6335725034641585,1.1407251288032472,0
15.261976209963436,5,0.4201237222586778,9.52041078179049,0
94.10541403944764,2,0.4651908596038977,3.7255806673981384,0
65.64645747660741,11,0.593138761763825,0.13737332184818096,0
18.48484078251448,20,0.8104654045400055,0.16009130684209505,0
29.472425516963014,10,0.44847367585403575,2.128461344759879,0
37.26424010109815,6,0.630569005717914,8.058327543522777,0
28.876918697910337,13,0.4650696807348086,7.911833373651441,0
13.243922531693453,20,0.9975659185568873,0.23614355139233267,0
73.70722923313653,2,0.9435118162355584,2.0098355972652593,0
10.850701018250636,20,0.5407945263608107,7.3769104740988105,0
79.78588629906224,22,0.8153823472162639,0.7317223174344245,0
29.364514314025087,7,0.8632498710731143,4.156893637602077,1
20.114961312284063,22,0.027870456827280732,9.605459116230401,0
19.89004675178997,4,0.9201156609596289,5.786553778747342,0
29.692001192799225,2,0.8604267388853639,4.308380698889296,0
55.31592315889678,21,0.8188905987983501,9.607850118798657,0
54.76934593866717,9,0.5676391825776568,5.064701517718211,0
50.21651976875617,21,0.2277774605311299,6.018215358833049,0
1.3018810910965817,22,0.5015202925075277,5.123740064245218,0
2.72902040241915,6,0.7993484271692732,7.503404031649876,0
3.439522569438661,4,0.4516655675046617,3.3232705643332183,0
31.99157783993166,13,0.9873473247684266,1.5207825560298849,0
46.76125893372919,10,0.22666939355301363,4.718985245353753,0
49.266708780810184,7,0.9107770023517099,7.326931322470992,0
49.073677332007364,2,0.322790384891542,4.666551077643658,0
25.0922113878764,5,0.83863843533791,2.0234031251383824,0
42.57892379453657,16,0.43450005104858946,1.4971356881581188,0
92.83086277829554,11,0.8326141210217799,9.710171873236439,0
15.594429235976543,3,0.5892286441661682,9.21588000241932,0
38.10365288485485,23,0.9071509984859601,3.1096364648401273,0
11.16104061211756,10,0.47854812979515693,9.634103615744804,0
69.6154943176217,10,0.9331738921908612,6.19671430571525,0
4.8316810992721875,15,0.1274035952862541,3.081214192292734,0
7.927308822237958,18,0.8089534151601134,3.0489575697827753,0
17.678704548745372,3,0.22079265256963776,9.000344003242608,0
24.520784877781,12,0.22998085900865461,3.7054641323358606,0
7.847079490724573,3,0.06562385813418425,0.7789356255782132,1
253.7498300024649,18,0.7318073644143006,7.396886255445319,0
124.41569762470425,17,0.6438223981346124,1.4719378400059557,0
12.487182281787248,17,0.3350905262721192,6.9107746773856435,0
15.509678250889596,22,0.9757881948411958,6.925393971275755,0
10.901435367561826,0,0.058123337696507016,5.704281203449348,0
38.771314101534635,2,0.769861381511069,5.731514564469913,1
5.425910535975116,5,0.2639136557046927,3.5023913875576707,0
82.09372011753585,9,0.06701262858793555,4.109131865974582,0
71.95324328995999,10,0.6367476806650103,1.2101025989422132,0
37.89438122182857,18,0.3290994401292694,5.546212923299097,0
17.943102598536665,0,0.4505096269499095,8.165014631527033,0
5.255841580413358,12,0.47278319782233047,0.3024429360832581,0
4.604065386802081,2,0.04068173499108996,7.08855672948534,0
7.544439776002052,12,0.531785187619138,1.3425395386077,0
50.65006988125982,19,0.039322265994136685,7.987150395570764,0
52.64208558521804,0,0.1829636033439206,0.009765371778567289,0
10.399953343101213,19,0.7167537213870772,0.7679736879132204,0
63.210648541131626,8,0.7236064113060465,8.219604359764615,0
40.49013445062075,9,0.0028039869096541103,2.6942562926698663,0
2.4865382110021823,1,0.8488780527969504,8.937433991506529,0
10.579816347764648,18,0.008695221437311607,7.811206925727811,0
11.946272662888623,20,0.9689527640798524,6.412996928537656,0
54.6734964516529,14,0.560439422793571,2.9976984296981932,0
29.820342048568104,5,0.3681799386048903,8.395351989281835,0
74.98390726330804,4,0.6070874476343422,1.937556731369865,0
85.38711111619611,23,0.14853296334506405,8.918670323312359,0
54.16575204386225,4,0.4772425606114019,7.564206358160761,0
19.501959375875217,20,0.688795834709311,3.4841731171681523,0
21.91198169276415,0,0.6544355821707082,1.7433170416567878,0
30.779588720851265,21,0.9076066826013935,4.418125936046438,0
15.515522259838393,22,0.2843697635927772,1.3105775690738364,0
1.3708282758650392,20,0.07052131144811813,4.852593832012415,0
40.15877669920125,18,0.3725216179617822,2.26893615141444,0
29.538246192798958,10,0.1328017005236719,0.04483570694681194,0
69.64137507405817,12,0.8932685993056001,5.31592065241798,0
6.6842267944996046,6,0.9813266797578846,2.9991599877120425,0
7.93247116508873,23,0.6345077268332135,6.111116659274184,0
127.84698541298069,13,0.7937427045344959,3.127566806966915,0
3.7903858534777495,14,0.6966966743642238,6.844278739255159,0
6.616970001458421,22,0.5479651845916915,6.6678133006494225,0
33.20815761227787,18,0.8282533490665605,0.25006868751215716,0
3.5310185286482763,4,0.8932581006390055,6.885053775544177,0
6.148826094857779,22,0.5126614176866484,1.8295099073282717,0
30.503033720187958,21,0.8111400952715939,8.207354135396805,0
10.65712665115043,21,0.3901227220173018,1.1900132953550413,0
13.953979920971742,2,0.2333108669786419,2.4747146359813668,1
26.207760871101133,10,0.4629849881816043,5.736493738866524,0
41.45847514820697,20,0.24739697346256329,4.195891339686241,0
44.03010005718361,23,0.39184495962448707,9.914256749233425,0
22.28149155654713,12,0.6406525117007519,7.1960366744125945,0
24.38714720764284,17,0.1719426940899077,2.2028557327882323,0
85.64950091211674,17,0.7243264033232629,7.333346506991529,0
42.144479740513795,15,0.89623125844347,3.5628181573197972,0
46.3344740293654,18,0.3825295600225084,0.22638068747376283,0
24.23556751122897,6,0.9745683122214075,2.81645826161371,0
38.901299693707536,9,0.6890077913048185,9.410143613704,0
42.317727712543594,1,0.5753650529520721,1.2811048159867378,1
8.150449137552602,3,0.3039431658058305,5.723580248146415,0
19.43906462607837,23,0.01646828847185755,9.775556168216134,0
4.635680897455875,19,0.413339342211254,5.208055381456761,0
64.91818336614959,14,0.9117154709469164,3.3015263070823018,0
2.602112678843715,0,0.8040784817348938,5.985512426500681,0
32.07177487348648,3,0.9828102365059613,2.565863135704416,0
58.473504970558544,22,0.8076066290678863,7.756026182507226,0
5.056180597678711,12,0.7295241417543894,8.626683245249078,0
5.98643237285734,7,0.08688414416557999,3.5226774853682272,0
21.72736801962709,21,0.9796897794087491,7.729054414653788,0
4.608955970243034,5,0.291979368275849,8.352836299672838,0
21.39572957275957,7,0.2438105793214138,4.0797400310540235,0
130.13054792376875,0,0.029346467254659947,9.497643294482053,0
20.794156913080677,1,0.40155379136225955,6.898084488586946,0
63.1037612625396,23,0.8946776980692474,4.566265592391767,0
28.609348632657827,2,0.7694739321418633,6.105060340371354,0
35.15849503594069,1,0.5862101369678733,4.969483566359491,0
3.0072851628587745,9,0.7467732763655386,1.6497905907347654,0
17.530724506626065,4,0.05280947139567782,4.622780452468078,0
40.481522872972036,13,0.18803378503045443,5.576131131355807,0
57.960457326232714,16,0.4681192337343396,1.6059916155183596,0
99.87109199603363,0,0.6690335114092596,8.916841284471882,0
10.41468626467967,14,0.5689497253634684,5.96663502539125,1
13.949825930977473,21,0.15368570278266713,4.638550462316205,0
11.925284861893138,3,0.8216652329826268,7.844628751464988,0
10.384272722570415,23,0.13571098747504662,7.662574908079863,0
29.624550077192353,18,0.2510605491257142,3.8693783911967516,0
24.48760186198828,9,0.9469109510148616,4.467531691177396,0
45.82548109181248,2,0.9378650562056421,4.6953908396859365,0
3.434479689489048,7,0.16542970628557319,1.4871574345653127,0
11.686034510122056,17,0.22895851015121915,7.24965858962322,0
103.30082670151336,1,0.6433934039243887,1.7717580418211998,0
24.64209520681621,6,0.8384668572734696,0.722836191339824,0
15.422501746583379,9,0.5575948834722638,6.715485253674576,0
36.76270267168904,19,0.2803518779549503,0.8230445779966866,0
7.025386970635662,19,0.2847164425302877,8.66808651226184,0
72.67330070052725,6,0.03610417437679225,3.3119225162064616,0
14.480466788731357,13,0.0055923789427217985,2.3273920577727925,0
3.1277674766156283,9,0.12822032420926144,4.277225215932154,0
76.93149613236724,13,0.9929948251846786,4.829684493725878,0
61.192638872818804,0,0.19623165191120306,1.4208052163690355,0
13.182932744610158,8,0.5492596825950817,8.916079257153037,0
63.4604754382093,23,0.17195551129966102,1.7756622319234039,0
46.42090759174376,18,0.8662612626317509,5.105584953177527,0
90.8359561369176,5,0.6617486647128117,6.010424796555083,0
18.341398535844977,20,0.7420306413027014,6.5081897185033935,0
24.205941597634382,21,0.8160070279458099,5.092611477157871,0
105.94266762915589,18,0.8110475403801012,2.6018277467256326,0
1.6565802122804365,14,0.007225809912530745,0.7059392042758894,0
15.703371176006078,2,0.6718924996911457,9.434691107691572,0
62.68561463302779,20,0.8225353841776295,7.990239494451815,0
6.701750920927939,3,0.05515246975616428,2.760559404680669,0
23.873047408576145,14,0.5326045414280903,1.019280710904903,0
12.973613897393447,18,0.1719701919097808,9.772095472498112,0
5.86433018410269,12,0.21278745045581904,8.773387976301132,0
13.36255824112528,17,0.8421304103950522,6.103373938869816,0
24.386098412342413,9,0.45987301926760227,5.170673117946079,0
48.978538084348095,16,0.1845665313529048,2.8701150526486616,0
147.1927084801081,23,0.746111162971054,3.510343752752293,0
11.86465812814986,18,0.8914502850512703,8.665602836737529,0
35.26596364884757,19,0.6788779180050825,5.789198027092168,0
72.5649159639732,0,0.9208174984394991,8.966420012513902,0
29.185189082457107,5,0.28648435523665683,8.669997052398708,0
7.685426824082442,10,0.4327495254333985,4.211396812188719,0
63.7332987341326,21,0.10534068001937058,1.4481089731606567,0
84.90478606143147,19,0.0733706178314395,9.43299060974644,0
41.80880731556651,1,0.4031935097250796,8.040647806461221,0
13.572827050948236,7,0.6821513748846972,3.6572535288404593,0
18.47067181726824,16,0.7542910065839855,8.856593721564767,0
2.7052879564701104,19,0.1508501876328462,3.6351925842387054,0
26.143615419191608,3,0.613740692377714,6.4894812006257485,0
58.39904494828643,15,0.5249696438420948,3.137506987030144,0
6.3447726247967475,18,0.8078924065357795,9.07744135361661,0
21.18608637967288,3,0.7286934367964744,0.38150043424882596,0
11.172882790082141,0,0.5000124465551204,6.7963243825198365,0
79.48101883150191,10,0.2462555738192852,1.9181222986200952,0
45.59262525270869,12,0.8770714002493845,0.9524495096379748,0
58.67787461648634,11,0.16723874692347607,5.813033677934188,0
21.487535188770977,7,0.2600351822031942,7.318661483320193,0
33.28291113892629,23,0.6742590181958317,9.913179498916323,0
6.415971668569393,19,0.528351106184966,1.2369646781955856,0
20.82359953139664,14,0.10438248908122116,2.304567234392999,0
9.014761161049071,19,0.48469063358064157,9.797499245305882,0
8.79011889632885,0,0.11794332969470411,2.2861439618677784,0
6.741869904921413,23,0.10890781989175091,6.210887758370177,0
5.477171355955189,9,0.25603989228523316,6.67750060674157,0
10.660954046867714,23,0.1718176329685408,8.092213197620184,0
27.921398121306506,22,0.9917756200120822,3.643986044441302,0
19.147332954910638,1,0.9578382259221636,1.3039849121749136,0
119.6142394946288,8,0.7242854992220908,0.4742479881637529,0
66.27661170158899,9,0.8395157772302692,0.8851381662915958,0
38.258598005896694,2,0.8982158158956433,5.596029031779169,1
30.030939241365985,5,0.5296808032258155,3.6390141074324287,0
12.548822655772154,0,0.8082735329178423,8.251823783715288,0
60.862962361713485,12,0.9025590690503816,4.060201270615595,0
13.007331163956911,5,0.05044300940269564,5.203819494171926,0
33.00651304089981,8,0.8061996750306495,9.503310903170316,0
109.53696070625033,0,0.08292972948396604,5.321263078856174,0
7.674024582486114,12,0.9441475531106711,7.965440532183425,0
9.765648301883514,4,0.6725493869667997,7.6280687487328915,0
5.6548864752063235,20,0.9983369012226144,2.554600149378148,0
3.9746350021531907,10,0.402695750100719,5.3877273987305285,0
21.70754475835566,4,0.859539137079487,1.487599727783786,0
44.59750521697922,12,0.9562650830798807,2.3166003599085805,0
49.91497779122668,22,0.2939687489423545,9.632632670075068,0
11.577945922825485,1,0.8610991628982769,1.6756665837458995,0
41.85219993875387,0,0.37411773532529946,9.610417405617493,0
74.88191870566108,20,0.4183323511858188,7.02112506337653,0
65.85034886295203,4,0.8713408979958096,8.6545203085647,0
5.647073694917193,7,0.5393580656694007,2.138489562688272,0
12.262449691229326,18,0.40463835448646024,3.8644196865629654,0
21.835162577862473,20,0.15188108763511854,8.366174717111448,0
12.334595495449003,4,0.43714401613193166,7.856993274388387,0
8.166577439596233,3,0.7303504108221763,7.164339915300417,0
86.72531345235421,19,0.6898262376265215,2.976485433093056,0
12.977109860023228,1,0.7825130925247369,4.727616812481456,0
13.463271959932161,1,0.755548571008243,4.708990563540585,0
45.73383908796678,3,0.3608499227623255,9.457619249773549,0
10.557879572255414,22,0.8385936514802856,6.470579648343686,0
16.179817926606052,14,0.03879388432768116,3.422584551373924,0
6.351539603298974,2,0.028474882178052274,5.122816074514249,0
52.706084036008946,11,0.9561103733514204,8.873990256576972,0
30.6124132728353,21,0.8764654760678863,7.217958998880471,0
150.4209834543014,4,0.4026401706462389,6.09338315744552,0
22.96408651049141,1,0.8430540130639969,5.40656184041603,0
102.23391039247083,13,0.6500754563156048,5.069718910839382,0
21.47342535167717,21,0.17002788541295843,4.532546188127005,0
38.85251362290546,22,0.45614179534871757,8.909281865288287,0
39.22951701674409,18,0.06332026531413826,0.38633053305429765,0
44.603711507841915,23,0.3349307213744597,3.035622681255429,0
36.93219576335445,19,0.20698187975239168,7.090256728496139,0
29.09161960975196,18,0.8214125372328298,8.761685486178205,0
27.28701335508754,2,0.7373631315226568,9.683591327673343,0
54.45917689818475,19,0.06107893948988963,9.5139623753097,0
18.453565549819302,1,0.537943153628412,3.7594403718728553,0
16.289147021373196,11,0.7259673537149706,8.757493028508685,0
10.758403299982888,1,0.6232659756524978,5.483921043482191,0
17.274531002660737,4,0.05397908754136138,3.713990389672971,0
42.39517474725974,14,0.19735563251242705,9.06554259865447,0
23.61432087641689,6,0.38438185700799,6.077601200096451,0
60.10044676258126,12,0.12799421444986914,7.69297950652134,0
13.081763104854598,14,0.1464659846151064,2.516800124962568,0
15.514310036382646,20,0.38632163706536893,3.958280594111528,0
7.2868715047990635,17,0.4905853289509323,0.4869483525323204,0
41.41442043997121,23,0.06686622233860984,1.2714451641258029,0
3.0737240626047506,23,0.7296495594682874,6.4950230900520145,0
77.04054399434766,6,0.5430364291919637,2.217991656307282,1
59.563930642795384,9,0.9611884338823297,4.155786139111214,0
91.58314597716814,3,0.2805866818370505,4.122911215487697,0
28.66937402938377,6,0.26076235546899806,7.6765472048598244,1
230.94886872458832,21,0.3393072420903629,5.6702036202195005,0
61.709873584475794,22,0.5440582822704558,6.774299079198326,0
54.128539936151746,4,0.3054216482157073,1.2175395593279303,0
31.2868997632767,2,0.303523054929689,6.067223058413536,0
5.285456743093212,23,0.8595103941714463,6.1824667796264,0
20.30783335443826,22,0.09715797742402044,5.33079416071566,0
14.53470288024113,7,0.4998179711724051,1.0118286359474793,1
17.120242710470084,18,0.7542081286184195,7.7134179386839685,0
18.895605119634922,19,0.9568178089109104,5.445465455976964,0
42.969366938095405,16,0.8816888271123394,5.421272665294707,0
22.581166450572194,15,0.21218024610047914,8.496878169618928,0
6.704586575367431,5,0.460652724837325,2.431380406868966,0
4.788709424955166,12,0.5814320284391422,5.06737191592941,0
40.15023395610646,6,0.32491114026417933,7.401780339133321,1
8.667830584239924,23,0.31834335515295964,9.115830991045318,0
3.341927819550947,17,0.18521424241983486,8.501514415296628,0
21.098959031340588,21,0.05040532574575429,7.730064224545866,1
34.778234985627094,7,0.7786706763182009,8.737677136147395,0
21.62165826815671,10,0.44790818456160764,2.6776329074977765,0
10.7622342428802,8,0.8718184292638598,4.458853505448167,0
117.23443059965693,3,0.1919622245034749,9.798710432238364,0
6.230142908871613,23,0.3713357378172333,0.15048802436357978,0
31.83998650428121,11,0.35534382245495233,9.900461704947945,0
34.82388732639644,6,0.6053403164003728,1.049039493279127,0
25.66616110083379,8,0.4880245037885398,9.10388399021369,0
31.70285120087315,8,0.6073465832320285,5.620785928922578,0
55.00947025625141,16,0.35469070675542047,2.9622166394444394,1
11.003773108526564,11,0.9414909009722787,9.501305494016918,0
32.951477149112506,6,0.933269764441698,6.035887519766227,0
17.33946961725802,15,0.7780540130436334,8.883486057523168,0
9.04021536748404,22,0.9957212919524344,3.827396411966438,0
6.978394333851405,15,0.20859914920384526,6.542484280852078,0
14.992071857516198,3,0.43262021699270115,3.524861085369364,0
30.562583606462535,17,0.6314633959004635,9.917150686739722,0
16.290228913348837,1,0.3896055064999593,5.520357301293065,0
35.57078166130735,20,0.22783622055991237,7.054450047797912,0
38.77454321802757,0,0.043243760665593434,3.0654387711615296,0
16.76572409459045,21,0.9455654711748981,7.700740186691921,0
32.97534298068358,12,0.23052704318455863,4.316785949315605,0
212.1213302840016,13,0.47130371237969904,9.016372827488691,0
56.34740306493931,23,0.022198311966883044,5.462442144033794,0
3.6704608777089134,13,0.5377887878844446,3.823327925092718,0
130.3196436744175,14,0.8372890509765281,8.243837811149225,0
41.45012004995684,13,0.45806097244960375,6.027921909510794,0
8.610506212154405,18,0.9116099500074649,7.851461423013047,0
12.542259132881503,23,0.21396283496036828,7.013206514020117,0
68.29449015854433,22,0.20264737493377427,4.738877249235465,0
35.59862901687604,22,0.598600637732147,6.5718576325840585,0
39.842542464508426,21,0.8102122996476262,7.58007482771604,0
8.331859601021344,4,0.0048825217075147975,6.978348534642712,0
16.173551091124608,18,0.25366040578010707,3.221252969411422,0
12.879362497781308,23,0.24853594581268657,3.949314948281285,0
45.1125760138163,9,0.5118834788695305,9.516186271298439,0
21.64214309444761,5,0.6170083170106584,3.0984261852886097,1
22.73336557633522,2,0.5427053949952418,8.123406974812244,0
23.36265345531385,18,0.24411790136075728,1.8570905895057277,0
14.981265023360342,21,0.8708170243627334,3.9195185150385567,0
6.0097070320427335,6,0.774333576249971,3.3827993491065445,0
43.1504713822289,12,0.6357916905449994,6.156807660732898,0
33.988105999111134,4,0.372052365059797,9.283758622240878,0
19.169484331454377,19,0.3280929070611235,7.228670416567966,0
19.623025741610135,16,0.7419265009555529,1.497765564755963,0
13.910476927835298,22,0.12304399017902568,7.225630309763406,0
56.43077756123728,19,0.03384830869657085,0.19038705033251002,0
25.41385246775713,21,0.9679183215510055,6.635930207298316,0
11.234648356823575,3,0.9493847112505187,8.784710956820456,0
27.063416899530836,18,0.9427815453503835,3.6490571819670494,0
7.975155488168473,3,0.5475339134033902,7.1760586533163835,0
14.855774916971134,22,0.09674848526989377,6.32129677120517,0
24.45112717170287,10,0.5001903470369073,0.9240359983766044,0
31.280335756760717,0,0.3600585124998422,3.099361039931714,0
11.0064378162609,2,0.5791718857270602,6.817009733567588,0
13.20680203796661,15,0.8996870470514485,0.2885242529705301,0
20.755659716524328,18,0.46711924651076353,5.488906971819621,0
6.923505309728072,6,0.8172108660029102,5.454315485084873,0
7.893462708662607,15,0.4903193020865203,7.814133484542171,0
15.268689076615347,14,0.9514914553867614,9.770102146963014,0
6.370273177666965,4,0.4717436231760004,0.4934466985409647,0
16.978112031454344,16,0.7112372931642227,0.9216035368837783,0
23.505512658828547,11,0.4574113941289958,3.0767072840952183,0
6.6463546775219156,9,0.402953590593754,5.745711330597954,0
21.901730428108788,3,0.748657714813879,0.19148284612813038,0
4.115592936478768,5,0.7450872566565554,2.9118270291026005,0
19.34506819905779,4,0.217247572330037,1.1997174355784412,0
18.79325452349068,8,0.40931592427203,6.272689893174427,0
17.64476846776502,10,0.008575864344403827,7.131953715958726,0
80.4072409638057,6,0.018428852471812696,0.21982589859128598,0
69.78005706957292,8,0.1449233350741379,9.353789615589301,0
5.601282210539043,21,0.7628878418670415,7.367738931654253,0
26.77391260175239,4,0.07537737636368913,3.2968468503441297,0
11.131792431026383,0,0.9406017847720485,7.2227151224704045,0
44.46619037762705,14,0.1935531605810079,4.5567841378925795,0
12.977002168204702,16,0.8864145186603302,6.7818359864367475,0
37.31295113529397,21,0.9504500739498568,4.219465304790684,0
29.013871147898097,9,0.4274048566657451,4.419134329501348,0
14.071250104764196,15,0.5227245322085228,1.8885213192230055,0
14.599226106439914,23,0.3206928376382323,8.671350029175482,0
31.045040569506664,2,0.8995538075766877,9.130558191948237,0
24.992828276062347,13,0.5099436080031604,3.9908465690488715,0
5.8888058918059185,9,0.9815554451289595,3.8709707382281966,0
132.00793357402577,7,0.9689446193390333,1.5816487361734466,0
37.663379362694016,16,0.9521629418516256,3.2423029253623925,0
24.324447433777475,23,0.3562598141386425,8.020721787264504,0
41.6518386753359,10,0.08235987650278354,4.164156015114784,0
6.754448544270906,16,0.6691050228333837,7.860811511986702,0
5.987532353910438,0,0.8733899753707478,8.543478234114584,0
4.635184774543156,18,0.3545580155823258,3.42986836388379,0
2.9352934801013846,11,0.96272260693878,9.884354500095414,0
23.253130131531993,22,0.9107486767080638,5.9467795076267596,0
14.041379135753496,5,0.6296350651332533,3.360540109280814,0
24.52098879818734,5,0.11670690715473875,1.1521311526308076,0
18.609605603009484,16,0.8925974789218598,3.1974546222766245,0
64.68790623565079,16,0.12280911243684023,1.4858143235794163,0
19.096009428578693,12,0.522992197493918,7.664889435180758,0
4.312780260938223,9,0.019233853140622204,2.6181810629274374,0
11.190918107943459,18,0.1545797164107352,3.4498378985469236,0
222.36785253541754,17,0.5637319834329029,3.1874380149034276,0
8.258184535644858,0,0.001510531051898245,6.026156607685995,0
34.39410790505242,1,0.15138221306506672,3.540254013314521,0
59.66421601432018,11,0.2206917403805726,1.43833134665023,0
27.022773376023956,22,0.0427523015631317,6.258275058174966,0
5.047011016049914,10,0.5796735241712654,5.075747254940209,0
17.92555987644159,4,0.7639174859029791,7.583895259380973,0
4.215472871464483,8,0.037540234579813925,2.556682974940583,0
46.77289028516939,15,0.4162581133228098,8.615984351050638,0
20.4138746041645,10,0.5427289235493006,3.81715877927303,0
126.39531993372142,3,0.5223329235701807,6.231963030451675,0
36.188901746804724,8,0.4849145214384585,9.911919508998196,0
1.8168286735838153,17,0.0955575442910358,6.897656019996886,0
13.85394465720449,17,0.24882501138626234,5.169645925779776,0
3.046238054910982,5,0.9277466360931886,2.694728774614197,0
88.92278073386218,5,0.18319307735981072,3.9885050648922804,0
5.682003885227351,3,0.7841392300137101,0.8725757032542159,0
50.69794391367374,10,0.14700507060157175,2.5178884783009914,0
43.19054342258738,5,0.7414385689490668,3.399988605615032,0
10.962066136604559,8,0.6788309690428515,8.403821413675711,0
65.58732003866083,12,0.9922055428652793,0.9257292167766018,0
22.914603973266047,17,0.153735805490946,4.0996187950186425,0
225.20775247389312,14,0.27598036511879076,5.118703843706238,1
5.089717107909691,17,0.8426749802999149,9.575630155131197,0
74.94567277595823,0,0.5570578298583474,3.7491323893863457,0
37.018847900368975,23,0.3295484442290292,9.801969719768836,0
8.713382527408157,22,0.15049003089881896,4.9799062497891935,0
83.4111990006746,4,0.5575209441238494,7.110998953737436,0
9.505231004159084,21,0.482620257816873,0.9222934651807846,0
84.1349115560775,17,0.24642094269562287,6.88100844109848,0
7.0092023147635985,15,0.6287674906311664,0.9744807974683178,0
29.274699263653808,23,0.6826291308481071,5.341004479584358,0
23.711116370080315,14,0.554261992586962,3.3510476467748207,1
165.1369724511114,15,0.6657870001962354,3.221047898899844,0
19.793022771722903,5,0.2555675817489269,0.8372108158247538,0
3.829683797633038,20,0.9045711002916939,6.904213918081663,0
15.206738211481536,15,0.05298743086525215,5.53602425195197,0
5.751076502833845,0,0.1703912287769178,3.927866296769824,0
148.423791768681,10,0.22250571150909793,9.766303166358913,0
17.790530795117256,0,0.9533556184197899,0.3032516269711716,0
8.104987008652841,0,0.28673740107351176,6.468313586683319,0
13.524701128048923,9,0.9318433535286577,4.745110903552698,0
131.63094468728679,5,0.47685387610400454,8.541802266791036,1
110.8197833813706,8,0.717959735848591,7.778497605611446,0
35.95159379138967,12,0.27784783832121407,1.5650544960792323,0
7.951757344447668,23,0.7032425523878799,3.7086048038244823,0
20.44924647665345,5,0.870356189537117,7.062464974298281,0
7.64624053081001,8,0.5772294474795799,4.133191128546695,0
36.8489171603154,0,0.9128319097742813,6.8553518164258485,0
7.500253653236513,14,0.3888832600773299,8.662709958270794,0
60.39600266606308,5,0.6202128930300795,7.231520996981315,0
9.67735330408991,3,0.27844597287166994,5.405029125702025,0
21.367113603941917,7,0.14845609795551007,7.933650405148206,1
29.947976077980357,17,0.16222071352278267,8.772200520601025,0
16.421621778182033,6,0.4440354242113449,4.033679610153943,0
49.27754818795719,9,0.9372931421107458,8.566871996664641,0
21.22508260251977,17,0.2971845152359843,8.038966854749193,0
18.058055774581067,3,0.0935945753898193,4.10578835125134,0
24.775649139820654,8,0.4465260416140464,0.5807379117416178,0
26.287604808028902,10,0.142278365221569,9.00762085854483,0
40.181649311703175,7,0.21015109995936665,2.325757704551612,0
2.078848249747131,17,0.9116146130837873,8.765913011783384,0
57.762497736464226,14,0.6427023929497946,7.045535598244034,0
11.066161352889328,4,0.5203251131770911,9.899303967958105,0
4.640137921758684,3,0.2246539972559104,2.075076229331115,0
5.7347702615636535,10,0.09343420025744065,2.8909199585542042,0
81.92876607757364,7,0.9422706586443373,0.925303686033776,0
37.43796346382708,1,0.535707350313429,9.89066259192715,0
2.511695351475367,2,0.13006213264283573,6.196081984142101,0
22.698725181032863,19,0.46177684200462765,2.6895019117102215,0
12.216596904702152,6,0.6146948316855706,4.8380898456578825,0
18.696055221065983,17,0.6875385215807021,9.711601807272189,0
3.0845191693632237,11,0.09119810214284285,3.4742764465084566,0
32.25092703483227,23,0.706198593871034,8.083475428017323,0
34.23450647947612,21,0.7761874285956072,1.3046306071354907,0
16.9341847179057,6,0.3676122778381432,7.270856723745725,1
18.558866423202016,3,0.6693822374608226,3.8190855576582807,0
8.227286050243144,0,0.09868482928962241,1.9386760515837753,0
15.125712690071342,15,0.9940049853411825,8.807242421283657,0
69.40793906542329,1,0.07215876891577921,5.498917084577487,0
15.540717256999171,5,0.20297549954356764,3.7542050364357316,0
54.808815581795386,0,0.7588123573987856,4.042337594957036,0
11.408797624650145,6,0.9599014952652017,0.7294249458018687,0
24.577847302726465,7,0.2547994200738779,4.928043531775908,0
24.68050394717044,7,0.09851066631248939,7.253876095206256,0
14.724287002353305,1,0.1413189668052699,8.23075571716871,0
90.67168274146502,10,0.6832352977004637,8.315580554383038,0
31.281980493929485,12,0.5101235158708421,8.43751713155852,0
51.104554401977104,19,0.8831876568646522,8.480787372947445,0
8.680039170373655,8,0.10083991828617267,4.689139898521205,0
108.0987562940338,5,0.5014254870791252,4.3308065616271545,0
15.174793719620459,22,0.6125368210980761,1.1097863566926613,0
48.84617081505432,20,0.8626004161093044,2.9153854392097402,0
12.916589048595473,15,0.5537322727889342,2.254907659306833,0
8.672612312263482,3,0.18253446826479125,6.1043779573494685,0
86.26202720429792,22,0.8888143318908726,3.237931193234702,0
11.36725528416079,23,0.8657638669253291,5.328973758466323,0
25.8118827245844,21,0.873221046211456,3.777963591684385,0
10.446178509819674,0,0.5869173718977969,8.901424825188217,0
2.730730408298995,21,0.96332304335971,4.247787702031644,0
22.933976561208507,6,0.5555916102442218,8.380816409928958,0
97.69138703820562,15,0.14867007225097117,0.41196530430294587,0
8.687947019271936,3,0.3994750189866386,0.32797510836453214,0
10.041507212018058,13,0.8248954752839853,7.305259124483228,0
23.661383527503986,13,0.9783852095232698,7.096636432775396,0
26.999280904454697,14,0.8309157212119533,0.2340146096032425,0
11.204215726639955,16,0.3632351759412773,4.8772828277096805,0
5.366375897567599,6,0.009790399043625775,0.49497554922432463,0
30.804533347861003,2,0.17819782384943594,1.6666257811282426,0
11.25646589210288,21,0.03698054517909011,9.627990423221359,1
48.05082909101244,21,0.8218240736493996,3.401598290538017,0
8.08666807812297,2,0.30651655107898834,4.6934434615438345,0
13.262576515976777,17,0.6950834563712567,6.826353366654833,0
7.96500052767889,20,0.4085767332746223,9.203376113285163,0
19.651096904999186,2,0.27282674534234663,1.4882635119977228,0
9.073772514640538,18,0.5245687903187017,2.268576972404104,0
36.38943167411668,23,0.4892221310655389,5.596243246567059,0
17.006843554576967,3,0.8230564041279013,6.609257830753816,0
25.541843013663705,20,0.6962247863042161,4.351074387642402,0
24.380489435911663,15,0.31042630987226993,6.532581075599254,0
7.228141446975112,23,0.8061143739964782,0.11422526464421656,0
111.53011872356284,16,0.5980927128738609,1.976127417546203,0
71.74963357399903,6,0.33957775484345265,8.370196542094117,0
9.132267734564017,4,0.8104919191001059,7.559007316197103,0
4.954354340319421,14,0.37014409398110126,6.357151147843158,0
16.98786366706503,14,0.052851262233272744,5.4875312160671434,0
8.134932615399602,1,0.8788764196582439,2.001766705653536,0
13.671337584714767,17,0.4446596982426584,2.7175378308421863,0
14.313564058217999,23,0.32257023060923873,9.642280420782164,0
4.268638647426639,9,0.9135611770441042,0.01849700261217113,0
6.260083369303072,19,0.2518468773992244,4.411794807778426,0
5.450418320334413,13,0.9701662109628728,0.10283018814915224,0
39.10083547321922,1,0.02854230328596119,3.4236501489878526,0
13.005182563689164,9,0.6697097691308271,3.25037279872309,0
45.28249135170129,7,0.05968240047028417,1.1584431153405395,0
4.513023836442359,11,0.0908818284775722,0.6942960237384732,0
25.567630588164928,14,0.9607663570906573,8.521545825312053,0
28.2642601093384,21,0.9203476714809731,3.2419063136075255,0
22.986688265270946,8,0.843811179829685,5.596894106804643,0
37.998456901485255,20,0.6789614068366961,7.569134526429301,0
9.3134740399647,16,0.46674099739581454,5.387595850238352,0
41.57715492275353,2,0.6781092494962914,4.3737934126802465,0
8.960160850080099,4,0.5573015770742251,4.891394627042215,0
12.44347452328026,9,0.8521943949548039,8.354416555121114,0
34.90024551972803,4,0.7434841706203067,5.307802815525405,0
72.94546700313549,22,0.6809889635109784,1.8396635357794089,0
3.9397020501805775,4,0.19324321625566132,1.8580447089198726,0
6.710860961155448,8,0.65894498239476,5.0143016110433445,0
23.947390452126857,23,0.4864659193615277,2.0174856061047084,0
60.51639751294173,4,0.7779916245196971,7.911250698277717,0
1.741867809308184,21,0.45466583814404127,8.73760134112171,0
2.7982767444380623,22,0.49780609604151493,1.6128721238513422,0
110.38600621576295,22,0.4151181097276847,4.389626765260054,1
248.18469815342817,13,0.9841811010423773,7.501451879408646,0
24.25167361125336,8,0.5937157103344165,0.8367280301031133,0
12.329223784639888,18,0.911392373526027,5.9427471674491175,0
16.897087900408838,20,0.8718172512823079,5.501325050338175,0
3.659109864785129,22,0.7527673682967875,7.771238062241598,1
19.42698286063437,5,0.5045077337381911,9.527458245802777,0
3.5683085865815865,3,0.5384582901719082,4.86802155183557,0
7.975255624724308,3,0.9342831775069933,2.8189505537205894,0
15.402738849121734,14,0.23069587251087587,0.4764921855051385,0
25.179367623463083,4,0.7837888436296978,8.209107138002738,0
56.149835369337744,12,0.2974193313810817,1.7738105965730466,0
3.9649105619206195,12,0.058325162817794096,8.53665775106494,0
331.74376285666096,18,0.3948909351925145,6.162402842119494,0
20.216804996562182,4,0.5223972076941215,1.7011298906769723,0
4.610637904688198,13,0.1318668893914574,4.789572017174732,0
53.50044231548033,14,0.7471687002404279,6.354541198835285,0
32.786715300240324,17,0.7422570756997096,6.08505420924149,0
6.847935374603057,7,0.7306735201541265,0.19205870294078942,0
7.335010688764485,16,0.3209859930038813,5.885371034065232,0
45.68245000693843,17,0.4977970436128113,9.102038070343378,0
10.657970308769118,7,0.17389342322817547,6.313844354679368,0
7.602410244037296,13,0.4379717574863947,5.684376244841624,0
22.076536930358678,4,0.9553086855565377,7.562562331013945,0
5.58272221248755,17,0.302492951472635,5.234245922485206,0
108.23834402428412,6,0.048930535978826906,7.425600400419286,0
25.641083366107452,17,0.31238673943440387,1.7374091359961874,0
25.941603086163628,18,0.8351162600670456,9.201816936930541,0
5.0920863123867575,18,0.9068078657993727,4.349768936857058,0
9.965255478419675,15,0.009541179549592993,3.8259736003424303,0
59.800394576967996,14,0.4803049466282102,7.44930739094923,0
10.232966025785396,23,0.948116646719273,5.8676362632388965,0
7.868651004977508,10,0.1256911957459117,2.422128061970418,0
7.7208423087435305,1,0.0626242884828987,2.7104920566076784,0
7.900331797321085,6,0.7580794142365747,6.3731704831983365,0
20.043101403575776,20,0.6400327858185064,3.9069782513354436,0
9.558055357613092,0,0.7211883966527004,4.117216419030079,0
14.287698396088496,4,0.27182878730232196,6.750316463986898,0
48.695641255168525,14,0.4033374781172948,6.178710836009978,0
19.895884434353647,18,0.5736260777654988,1.6866379361624073,0
95.0985855951493,6,0.7611403330951032,8.813076962570909,0
9.491080340526699,16,0.3186864131785453,3.2831413004543366,0
5.365612706395774,6,0.40547256179068625,6.700278797351941,0
63.8236610861034,23,0.5364300482757266,9.234138581560744,0
25.543360410090024,18,0.006281448905110731,4.3983685137748685,0
19.458949769190973,14,0.8469643858907887,4.915688479764012,0
15.458298940961487,23,0.6239896406895808,6.7506260262309805,0
8.06909638143111,14,0.08238676161683889,3.286756439116658,0
1.823401320490834,16,0.353430406907263,3.533666192656546,0
48.493787471050695,23,0.17910114344000894,5.913925790530456,0
50.04360754778575,13,0.0397394281264557,3.1409499907513583,0
7.259262237698503,2,0.3110676752153886,3.13101783998785,0
4.775722421377801,21,0.8730349113066558,8.013074327048447,0
10.412134951544166,19,0.06736551953226777,0.33698237257682506,0
4.679137736294937,3,0.8773112272796713,0.2574527146728045,0
70.84365355575005,21,0.21818590916809422,2.946852448071592,0
5.868518622415696,4,0.9553254210668446,6.8987389442048075,0
45.86347411498489,7,0.21967977409013206,3.056484107233899,0
8.145517792904384,6,0.8559957275027299,6.292135434056782,0
43.99191206347392,14,0.91765098322238,2.8627276839320714,0
33.517184396605124,11,0.922106000338952,0.3065709365831215,0
98.27606377388932,13,0.12375209714100543,7.273400589016433,0
6.043705830008075,11,0.671083583619277,5.432999432509798,0
5.613796484411582,14,0.8233823021770078,6.442361423561317,0
10.39724307162199,14,0.7359390618155865,1.772857264088803,0
202.46181805769024,7,0.47348436524172965,6.17449950242197,0
9.341512013374343,18,0.9413601827210775,8.090971217170825,0
18.858797410836548,11,0.17981951826196518,1.403890131442258,0
24.24063923310914,10,0.8775889338549041,2.8301610025244637,0
14.305385802914305,20,0.24109927321559976,7.917412364478417,0
61.236350656155444,20,0.45054094270931233,6.437735214174499,0
19.32494639385243,17,0.4625407340143961,1.882275487586328,0
59.2035600909922,4,0.2894161243157438,2.718719175988512,0
100.70864127319359,21,0.28411749182203017,9.05235461985519,0
24.672012997649304,6,0.37355836130841713,3.7783720590795156,0
14.181685402586718,20,0.012942120214508468,0.928854434585491,0
35.34511674400086,20,0.2419578856583512,6.6333298164922825,0
65.76631347763696,17,0.9512313356656639,4.015889735986717,0
10.993836553920017,7,0.7191263082275082,7.314095793253054,0
42.870453652842286,12,0.44467493773113553,1.1272656734211006,0
23.407714372700752,14,0.0009794155014678507,3.074066519346067,0
20.842536978680723,22,0.7080953501786954,3.927227427723534,0
0.7977861489754429,23,0.4929207001063127,5.746688921341719,0
48.11882913114209,23,0.6562938814300978,1.8501747596430562,0
22.857864081371932,4,0.39432839962476574,3.218700377815763,0
20.439828678574976,14,0.0007774199314528607,7.658517646721435,0
9.869723634438323,1,0.5836398185795345,1.8874570970129856,0
4.542038622623141,4,0.788339868480326,3.800033605373975,0
7.783826030518152,2,0.21662858539382468,3.915303844801914,0
7.838126442205805,20,0.6627000445821117,2.077753771792249,0
70.47542997046897,22,0.3515135347331425,8.726230265391544,0
8.385390994564775,3,0.8331606805183248,5.148944142837346,0
11.345635199280153,5,0.4378652141585465,3.8606014047418302,0
35.1592555872228,14,0.06268892431714856,7.780612158721652,0
81.09988738336612,3,0.5292272537278618,0.3674338651363285,0
30.300330968436885,21,0.6076424402689977,9.982189390359688,0
133.49963757535502,3,0.319653816290254,9.609637512143648,0
63.713649698155564,1,0.07760942541435656,0.8760683282365078,0
53.407940442415125,14,0.7531411196542888,8.881472970619964,0
43.16283132518048,15,0.5408847433480138,3.1068155381215625,0
41.06191896613782,13,0.20973324814101157,1.0452363581564994,0
7.963696522155068,7,0.1873897609409405,5.701788799328332,0
8.979584688555645,19,0.5459551255981154,8.68520616042545,0
21.06796425079027,21,0.30963370778644783,1.5967027116483046,1
119.97034208384954,21,0.69122656100547,9.70200847892839,0
9.424439998951662,18,0.34876928300444443,2.9134490413377634,0
13.454021279572702,20,0.4704697211059866,5.695231472379713,0
9.111084731311106,19,0.05972077747302851,6.652963940213018,0
23.4698243624481,12,0.46095929235073163,3.507108025042106,0
29.441094019868395,22,0.010129164425772386,8.77936690923971,0
11.712721563959052,4,0.3606789134508158,9.924206159122466,0
36.63697732159781,21,0.31023532088724215,4.083976611472981,0
27.9522085075929,17,0.7562267482194014,1.451455620271207,0
8.449558489137749,15,0.7687744395003908,8.845389148926184,0
81.29409720561875,13,0.4187517729397897,5.259440785235697,0
25.02026250270993,4,0.9758757719212311,7.401568348507376,0
242.32272317726134,23,0.2500803409394391,3.5821979708583163,0
73.9830510922695,14,0.16575978422869742,1.1332463730160802,0
21.826944886727624,18,0.8143156230918248,8.592805914578104,0
15.504348161750887,3,0.5101096089144347,4.8306670465626835,0
98.2132231852831,19,0.1953192409006841,1.0906420118198723,0
10.682061067934157,6,0.33293376717713596,1.8735824467806061,0
5.282086129626623,22,0.09465126851471628,7.415281215222459,0
17.673127441439014,23,0.6962185021894071,8.758224569426988,0
2.6579266442054217,16,0.49679104320569467,2.7717810021828013,0
26.056547177675924,11,0.5642610944119528,2.803895645795118,0
22.693343358213777,18,0.07434141500136193,1.0169235598779458,0
6.50359192042016,14,0.6993165374691295,4.188690625728056,0
42.2853102210787,8,0.29382603751409353,8.914189666587264,0
45.865864319645546,3,0.1600133818802495,1.6433922695420466,0
4.202847759695407,21,0.42467892944058094,7.791608909930154,0
54.23821090559048,4,0.8545637977927145,2.1889649195071637,0
47.97059563956226,2,0.3715310182216365,2.0261459695103676,0
23.13824183524443,1,0.10902892330610947,0.14944781588715372,0
9.36259805437189,14,0.9421785368022341,6.69729862776296,0
12.508272604577844,20,0.639207525586167,3.8687894001148395,0
32.824503691644246,11,0.30158429230202366,9.737502850594872,0
9.903112973411263,14,0.5829424331448269,0.5166386519475663,0
104.48931983410097,16,0.09031997696383587,0.6593743016963161,0
42.54685730629483,12,0.564269539258331,2.8445360562612088,0
141.90748581084858,9,0.819328091346648,5.377747208840371,0
11.36509429332918,1,0.13837219204268958,7.484314675731851,0
12.08750977070223,20,0.8346188945390223,3.0301973958307302,0
8.084381882906063,8,0.5528986845550515,3.3354626518897232,0
35.83282903180371,12,0.19237024320431406,7.193441147188566,0
51.84351595294325,17,0.21129222033131834,3.697825564971138,0
16.308176440516114,6,0.8831296015776016,6.525595067820785,0
9.672419187341006,23,0.47575592900124286,3.141960301729576,0
12.643365344275269,21,0.2828476621783126,9.91647313062241,0
162.98419173774425,14,0.25247496584244156,9.166396592007905,0
31.422909465794657,22,0.4001289331767037,5.866597692819257,0
432.8778186304401,15,0.777712535774615,9.609258489663787,0
15.645657653941445,4,0.026735622644907364,5.617866807604272,0
10.900187491803734,11,0.10768970778590825,8.511460330995353,0
8.046352589793605,4,0.4446808140123163,9.526235583513255,0
59.105429359484916,22,0.9077336826231772,9.758422258698628,0
35.172443486335865,17,0.883600558701,9.71882736715212,0
79.89757808346505,11,0.781233207350118,8.73017014272649,0
8.018959651041628,9,0.9788401955409914,3.949317868000719,1
10.72642966423615,18,0.10756569853354736,9.920899045024758,0
7.876243279070699,11,0.8834389035313136,7.795326258418308,0
15.950165465586222,7,0.020010460512562944,8.512792041039576,0
23.22875825302133,0,0.41506329869538505,7.994873483898456,0
24.908350683339464,13,0.2255264951509912,5.729451171282483,0
10.46678551837534,9,0.36286501124157233,5.411940123124821,0
94.48604530390543,1,0.9739678411032049,4.140111339747126,0
20.118854887031542,20,0.3290310649104191,1.2529520430142682,1
64.30262488832845,16,0.6295498025670513,6.294090369473009,0
2.6020891457249045,17,0.6883594684064878,3.214829140231447,0
12.227704096062002,9,0.5495549094249164,1.9194530894176554,0
235.03464452902395,21,0.09098986339433668,2.6182453027427033,0
20.873332840161478,2,0.8560175648291078,3.8719156645684305,0
10.67176073874948,8,0.7873074837558496,0.07823847655283545,0
43.26555817209673,18,0.7495149440461242,3.4918617428817225,0
18.994181634996036,19,0.9104676889663824,6.373452239003784,0
110.96035776009691,8,0.34737425439582403,2.003761828722126,0
5.288920110997019,10,0.5760693450937174,2.125206952403623,0
4.598357090677475,10,0.7832783113310674,1.5714264301859948,0
5.19077083063191,6,0.4444414150294379,2.3855262626011053,0
40.69665663354656,11,0.9630396314954512,0.26353822405494665,0
13.17524710499554,20,0.8486866223892856,9.784720852724618,0
21.925629764852633,23,0.5306247846452249,0.6852237344472234,0
21.60663610757766,5,0.1473252986525957,7.282518115353058,0
60.12252785201737,21,0.5036806457941564,2.697937002984819,0
98.87381488624486,3,0.20694825103609338,4.970966002064938,0
83.19672763931386,4,0.4065789760248504,3.3199103777134775,0
18.002872342768946,5,0.2655361772968664,9.706560324997932,0
24.432552882212388,19,0.812938562037626,3.5867446062625987,0
119.28778070833728,0,0.2594022180415626,4.477876679116152,0
85.53998657055546,5,0.5914674650385127,9.886880271576205,0
15.343849937361112,18,0.05216955640705723,0.9915922823292567,0
61.261260129137455,15,0.7539365323573946,2.9564799605739154,0
8.135952636290384,2,0.4488900202711099,3.854216420336879,0
3.6726690092460377,15,0.4159539041560688,4.497108318033521,0
4.033234943153809,22,0.4352459350837925,9.573594800602995,0
10.129453501053783,23,0.7127857088259318,3.817881920903253,0
18.13415221768766,15,0.4311643616675246,2.815423796910248,0
45.945496599860746,12,0.7374575448051964,3.1427249181972394,0
84.6114286237934,11,0.2829492833322248,1.263076045981596,0
4.878969987990782,22,0.9605596755425112,1.4073871551224582,0
23.18058377048143,16,0.5104757934939402,2.4209151523374537,0
58.494558285449436,7,0.5835852263288167,1.7205691274233437,0
39.45038941417798,1,0.6950189142532233,3.3768539152827404,0
4.752971460596827,6,0.5846590503674014,1.4016079871011544,0
18.024990034837412,18,0.5641011192197164,5.656152725479357,0
7.2448105493222155,21,0.0024188084454310754,9.506511334500145,0
27.484915827636645,3,0.4595746180011121,4.98099535595612,0
81.69420271278847,12,0.8667882765436081,4.465112272525027,0
4.365923715113068,5,0.9238328305900021,1.8575320247256821,0
23.649634017115343,21,0.2882437122163063,2.2237848439927097,0
31.241434355290565,12,0.7082862530900971,6.2192733956607595,0
79.9834602940756,18,0.8585059107407418,1.1781048491620383,0
45.873414039093234,0,0.4403200054745757,1.7698064189202523,1
34.168360830737065,9,0.5978639894527993,5.85415077086219,0
9.536537211600985,18,0.6399133193357063,7.351343422059222,0
45.05633481333286,19,0.9490086623304599,9.418784029179786,0
8.54167358240214,4,0.4820281623535121,1.768480621818107,0
20.815814060189986,2,0.778286643042258,7.1766900595781555,0
53.62420107901624,15,0.18692810434989016,2.431546239947695,0
20.27443770953728,17,0.5857518126447562,1.6029467564226596,0
19.183403286713954,22,0.4557288456648728,8.209776588932261,0
38.60002119218759,7,0.2297214800339642,2.979952501000577,0
2.6850275505833157,7,0.013603491597414585,3.3169232377849434,0
121.051805531679,20,0.5911312010006043,3.9584664798921843,0
8.068756180384218,9,0.809174749957805,0.46066007763970296,0
7.380692624250884,12,0.8071576785801602,8.77574796328491,0
4.48015363559242,11,0.38953496697310697,9.711136209921401,0
41.50075188719445,11,0.18082832547626437,2.0537423036213767,0
5.30715457427732,4,0.9433281722116915,0.7593515072673584,0
36.38016740244447,7,0.38171393095252637,4.9003422120385585,0
10.743119338448706,23,0.3477824185124103,6.584089382574652,0
24.584263666128773,11,0.6148383008649104,4.933792497242225,0
18.16161154660195,22,0.4400801190266016,6.525707091438447,0
5.415814244430305,14,0.3438529511959282,9.511311478706197,0
21.75943216346857,18,0.3249545595696536,3.314529203813801,0
8.874176359523641,3,0.3922477369153923,8.883041222008526,0
32.5498524825686,23,0.685329491794053,5.446331142616581,0
16.957487122714156,17,0.011512453533291889,7.131103896065682,0
29.94251018173795,18,0.20290878847557858,8.321437373220165,0
8.835703979582945,14,0.2556375783889737,2.6635808529722818,0
14.173872097558721,21,0.9995610100766746,3.5521336464523423,0
37.36540627365274,1,0.8840691466042943,0.4005876683080345,0
79.77078954505052,2,0.4211941741219568,7.7923140583844175,0
12.7622518042899,10,0.7012237302740392,0.7079651986959323,0
29.737509585190622,12,0.2357266290392469,4.203148828554667,0
5.68637283745057,10,0.93908592421754,8.187078542997519,0
11.709735771515321,14,0.9280373367399604,1.03144824924997,0
5.482938625542917,8,0.1619551452433874,9.934183355240226,0
17.382132245512103,2,0.9283941603423321,5.6447781788101645,0
33.394714582662935,6,0.4104408902030179,1.2499453268292726,0
34.289878855035106,14,0.49229943395489906,0.14238751491332136,0
81.09753900514511,21,0.6924660173341862,3.363187559881684,0
8.80004502636475,17,0.4786385485775161,2.2054308539073455,0
3.75962225839207,1,0.5729228113194227,4.635407304032396,0
11.231172737643307,1,0.4475649813913457,4.661023332892398,0
18.588008970636775,9,0.06720506390648184,1.5588532030259772,0
3.363442467555673,15,0.5504756369024487,6.589230869776955,0
7.267690774073198,1,0.04924321040082302,4.1242983730753044,0
14.704507325066471,7,0.10047832874616547,6.329141965653909,1
74.74647390687129,7,0.6872211845175229,8.637169551483268,0
40.345399878946736,19,0.4695326113873499,1.6941656879243328,0
98.49648620541615,18,0.5398471248892179,4.330007464992684,0
6.102046980656618,7,0.16829505856646076,8.413447416728113,0
29.355706277942716,8,0.6851894480572615,7.2226555524066125,0
21.42583221558978,18,0.07191969597190284,3.0538969612745746,0
2.8204129641507576,15,0.2533221423106239,7.5626507761275565,0
9.04418981008969,5,0.9029897357002095,3.81977778316402,0
16.37825035942452,19,0.025671011186934156,9.713687715684289,0
49.90238201464471,2,0.7458896718993803,2.5482573471240757,0
7.532977257671939,8,0.1585764156340389,1.7817731220948296,0
28.82676432879618,8,0.8332127640553134,8.786432494600744,0
7.9917920826934,13,0.6077942140401971,4.9678728447416285,0
75.26340249466932,13,0.03377723345551287,7.44107005746625,1
12.552798024782449,10,0.00849873376808541,9.501815007853434,0
14.04628393753515,9,0.5754038831113815,1.972913320192794,0
21.62216389206094,8,0.7938247407783666,1.001462531865357,0
3.6658380525378518,12,0.7140876690309019,2.165111084110066,0
15.025138145786087,20,0.29551862538301166,1.1474935864282843,0
32.466931684289136,22,0.7239684082233032,9.620063594042929,0
13.54696928279539,4,0.27792247033107076,7.134267997309065,0
13.908243031326554,17,0.495059648382997,6.558250946118534,0
3.939463275283738,1,0.22118376885382485,9.51613021799164,0
15.638897154548939,21,0.11563149788227545,9.784486508628358,0
39.102852820187415,11,0.9602363864014261,9.130120647769862,0
81.50605632142369,23,0.6482556600343636,6.59756472977344,0
7.12126560177365,7,0.22414340702500213,4.967334025528269,0
91.20272248967727,7,0.12313420764690852,0.43922311710127504,0
152.52176133874235,16,0.2574422469204325,8.769706152468753,0
19.864756258007496,17,0.3713283329069208,1.001245028628227,0
9.004581266449456,12,0.8654694274824005,0.8613072872289829,0
21.152546295768726,20,0.6823936347885002,6.561779261138935,0
26.05614770763792,14,0.3601219883611274,8.31374156298303,0
18.61443480445711,9,0.3260537662502341,6.855007218256048,0
1.4580864640714823,11,0.2377115268238581,3.6499387491550737,0
20.917934719698,5,0.11265285384667145,8.294367112390429,0
27.61423084655438,8,0.8612872821477212,0.05409255266344615,0
42.82283103640831,16,0.47168326146099093,1.6466870646400666,0
132.63858978978166,1,0.9462018170654033,5.0102973011110645,0
4.643184071376122,10,0.7798331840153002,8.779956877786937,0
58.84137589413387,21,0.693199999159846,1.0376878179480198,0
11.265476224622637,8,0.34615055683160945,5.022617992626426,0
7.96930265438719,5,0.47085369150374634,2.057998135349428,0
40.80918195265581,1,0.2373292068607874,2.1596270604091683,0
63.51945062783577,18,0.7995475831737641,8.415208801711692,1
25.539086523281064,19,0.466286439199293,1.6789799319852894,0
13.85284794168161,14,0.7891376654443012,0.6809081251568427,0
14.392310672429828,7,0.08213257611367053,0.8551979139543964,0
185.05884225275295,2,0.31465251717067333,3.501776437653734,0
14.450019944622689,13,0.08783559531593832,5.411801213932077,0
41.79423909693451,13,0.5900325207439627,0.11473033132566979,0
17.44562112469222,21,0.7237138705767515,9.937534289647306,0
21.17587595021954,9,0.7847866264483823,9.38958560369781,0
70.93006485635154,19,0.37039582252596914,4.653172496415459,0
129.93104047086075,22,0.13681893747526308,1.4628502990957482,0
11.730757613533227,6,0.9684506441311078,1.6133236212165014,0
10.96709520604201,17,0.18995657581624725,3.8965478575598613,0
25.480719681336375,8,0.3229250607716645,9.126206493503432,0
12.519957683066579,6,0.3047315875510277,4.1273861692350335,0
3.666693421601239,5,0.7699830730037951,3.87317401871341,0
5.27879516273507,17,0.8364987906598366,9.180773307608266,0
26.138238732113788,22,0.2854357626540168,9.937267619718495,0
21.07214077833414,11,0.2833093996428694,3.838568229318499,0
2.6637301156585336,19,0.6897745855356107,9.625397190606224,0
15.953876153634335,8,0.8589544776956497,1.2972924395362728,0
45.83355634227112,4,0.15133173705876968,1.9973657244409737,0
43.71796568729881,16,0.9838033029880772,4.347431721490959,0
12.771383495808445,3,0.6831870710052423,3.825553798194078,0
34.41152414543372,17,0.3016094906094102,2.2991793720584064,0
5.026931179283324,22,0.7654980943624081,4.757797391769917,0
46.476252123074154,3,0.0469948352725581,7.338809915627689,0
16.810665895939064,12,0.9100131736563056,1.5677334976526636,0
40.38387962588102,4,0.476996769416834,3.6382512341818263,0
28.11893824469726,4,0.21255575851912523,0.30668897453180133,1
42.33020202452119,13,0.6761131086234133,9.551680260280188,0
137.97378925812987,0,0.09307579951601341,7.6086861691323096,0
123.29177568149757,15,0.47482712264711047,3.258059453382096,0
5.24108265692379,5,0.9389025549739124,1.738994985975496,1
14.325484940146513,23,0.638552967608302,5.304459770515471,0
82.43195207206233,23,0.09448190493743125,2.243773647816835,1
8.753100162934588,15,0.8763179943434249,5.426141542914479,0
153.50548956816954,23,0.8294310325086782,4.070404910520753,0
23.00369739018935,12,0.7396274388038517,5.554926295022113,0
8.25447479904577,15,0.16339428407972012,5.3750565294565344,0
23.2844173905395,1,0.6177483995197965,0.05313615494535351,1
10.363052281682549,8,0.7855436951469433,7.006103850486229,0
15.45914907399758,12,0.7135146005174053,5.874394694625177,0
25.995776090165663,8,0.33360043870367184,6.050512581700565,0
10.758031828575502,3,0.9499546371344424,2.7264865008801777,0
23.017365055447332,2,0.19933208904134625,9.536876617800704,1
10.829875498868265,3,0.4380807295395628,3.737771903069852,0
13.765965369497014,12,0.4100466229011728,2.4410618389056404,0
6.623026792349325,17,0.8964061502636533,0.32051143771398394,0
15.081008097127683,22,0.2086718967649166,5.953364432686929,0
43.482176647913896,7,0.7710930591366587,8.342184652258446,0
26.057250594110847,5,0.5321955963315796,1.916325525590764,1
73.14254776191558,15,0.6079085864382482,6.813937112175764,0
20.207586409520136,11,0.018630381702702592,0.04270569495206766,0
32.3884923448359,12,0.6752845536008389,5.948911478699682,0
38.6275874347639,11,0.2248450987510786,0.706882334063379,0
15.615725736535452,20,0.4537926360019282,8.968682921257304,0
3.462366756712062,4,0.4757320496671914,2.857225907498905,0
6.6706842592113835,18,0.9620219986521945,4.902282422521398,0
158.10326475693057,11,0.46547491330462476,3.9135374034956163,0
39.09276939542453,20,0.41754522863802124,5.786046767774624,0
9.359141496786753,11,0.7603374244812974,3.135973133243021,0
151.25294289342673,0,0.4203030139231124,9.252043069909432,0
8.53808115617156,10,0.8755742842172581,3.251787406381441,1
2.8368556450052016,18,0.5292633303289281,5.2339541390186035,0
28.202113119126377,9,0.8715552785025189,4.011665769053803,0
23.209647709416885,18,0.665953259366926,2.306755016281464,0
8.013604117044578,14,0.6510329629595115,9.904901433530197,0
20.861255804595334,16,0.5653157027850672,6.743208269398837,0
12.21566099760758,21,0.49626636968472326,5.121789933556789,0
22.73136704309595,22,0.36354311268150663,6.481343034812563,0
15.428069236459704,11,0.8009306748092357,5.0963945570381775,0
98.18433439408619,8,0.6398125412360569,7.5620200757949485,1
39.56751708601231,5,0.09555969288319899,2.1520722744904175,0
98.393037014275,4,0.6770031678091026,9.878957969838991,0
30.80603668714467,2,0.04849828932987732,2.9561430584273363,0
4.756566941179264,10,0.9759988583338145,3.9981410759678973,1
6.5828843518355455,20,0.3210306583134436,9.692898732548409,0
251.1875438581028,14,0.11778826017610555,2.5575334326443153,0
0.7959469683681288,7,0.23181835229204162,1.6911315919891656,1
18.952090807493583,10,0.9504062212833844,6.252621453626701,0
2.391398553056046,21,0.49383917783536135,9.648090237970843,0
36.97796595553426,14,0.9770794421201137,9.925924848213121,0
6.292951555208607,22,0.32586756402485717,2.383935256068103,0
21.759060070899245,1,0.04317771360169653,3.024960465196851,0
28.799047668157744,2,0.9189056980852383,7.8753526189998455,0
50.022972729888416,9,0.9179486724061384,1.5456152511508925,0
18.980509586227672,23,0.35303174750326527,3.2546873633882045,1
5.571056197874718,1,0.6602863117621709,5.533611397074704,1
54.81505260516827,21,0.25720432557491857,2.419451453597267,1
80.93342438429117,3,0.6250214136540716,0.2543755612521148,0
39.794383094783946,13,0.06425902823627594,0.19408044269559555,0
40.767796740313436,23,0.3462449088734817,9.714690257670588,0
37.60867659507317,10,0.38756044618100005,4.853743669687972,0
27.357293669109925,0,0.31135825007727846,9.72052517493193,0
15.088515566352621,18,0.49054818442450143,3.791964873730681,0
46.18901325420533,19,0.6580795541690792,8.190019817131887,0
88.01589559492948,15,0.49998994248477113,1.3982270811367559,0
9.417733419719339,22,0.447036212609634,0.5524526155815945,0
45.865494627483926,20,0.6622701982808107,3.510753416391484,0
26.178012844673926,17,0.8458727162586497,0.40339608169144503,0
1.2037389409750572,8,0.44422831377717853,4.865391485629572,0
16.096189163452006,0,0.47299286791019013,6.3888172999415165,0
8.43152645827695,1,0.8691525438299158,1.1758460951307481,0
34.27942090627751,16,0.008163715548658468,4.228954246605513,0
14.409621479158613,17,0.4123064938287876,9.1109046456737,0
5.794809897866995,13,0.022230554724418927,5.657749065743204,0
26.50078533436923,10,0.3765443778819304,4.950341564100293,1
11.182018128600454,16,0.2591697838483016,6.442407175673901,0
19.708438662107223,15,0.5569280857115001,8.86601822084112,0
50.00866108180389,7,0.46537240565212334,8.044774564378553,0
17.888511620853667,9,0.10260680657586685,2.5373492635739083,0
4.490246246852999,22,0.5325108159354176,0.33760935400944825,0
22.277971833717643,0,0.6936541411280512,2.9642422439555824,0
9.074742843568687,10,0.056022983510719104,9.009154961304084,0
11.619274241280285,15,0.032571043826086665,4.407877180070282,0
23.234039915695284,14,0.8845956198522315,7.495118699999187,0
16.12855350687601,14,0.5668212813204144,7.7466586065877525,0
52.27255416449769,23,0.10870410185038615,6.17904689080024,0
43.32285885034283,15,0.7182550597211935,1.874064096157111,0
59.60334508097957,4,0.8566448450442239,5.185134978374654,0
2.391451522397762,18,0.9670457641593334,4.717374447000373,0
12.695881277778385,11,0.8299805727158514,6.399230730444339,0
1.4603217739812344,3,0.7501339389979261,8.372136618905186,0
4.8589253037494755,3,0.8783631175418317,0.3268567341321338,0
27.108948607064075,0,0.48751391368593744,3.261028858205499,0
12.330815971067395,2,0.4863260079694318,7.517581763552947,0
41.06254501949111,19,0.6759499147979163,8.229918715980878,0
27.194859493860598,3,0.8754166193102576,1.8032942980557731,1
2.8835266587450454,12,0.20873769509779128,3.5512293267929507,0
22.23251826912775,18,0.43135187855339774,5.007472851329697,0
43.069499163497355,23,0.7548925025172697,5.8106668538195,0
16.815025046961342,5,0.2826580828175038,3.9543676674006334,0
89.21563692083751,15,0.05560820848178283,7.128452519638579,0
2.1176844933800894,10,0.41192644796319977,4.538250490441679,0
11.97118340861751,19,0.972564341508516,3.3193700441300455,0
10.03252133796778,1,0.6460809726388942,4.246160058267739,0
19.62934987545324,13,0.7777531062726623,1.6936504949272424,0
31.384334478977962,7,0.10120053223445236,1.4454781770147984,0
48.10192197551308,14,0.528932422667584,6.228034994088514,0
11.353736004538215,9,0.8767304733091287,4.10509503663897,0
10.89237983594785,13,0.8798516136786874,9.41767717031173,0
21.06814339648848,11,0.9795487770882427,3.3931058548220117,0
18.72929819099016,18,0.8247146419390707,6.426450419699716,0
25.661613616127656,13,0.8740318402197996,7.001190723863947,0
46.39501239112606,1,0.20528268437858654,7.88431984638706,0
14.374160672594014,0,0.026078197845586404,3.6577616656300593,0
7.102907978226359,22,0.6555331064463931,4.851379905494207,0
14.96544536956145,0,0.6898374568394795,7.823739727242424,0
7.188168541218943,11,0.9173920782779206,8.688269808792555,0
125.39029790712758,12,0.5571715027809313,2.848365392039105,0
15.349995597601811,14,0.4240847259792244,2.42138270069323,0
11.50615132839364,1,0.934373211603983,3.400869589854411,0
12.908618636395184,22,0.19895465755853892,5.904142047661679,0
51.18967650966815,2,0.46867291030629676,8.325014718436478,0
57.387709816495544,4,0.04348895592350088,6.442215382896785,0
25.49536689010116,15,0.7946198778857403,2.0223675622399604,0
15.274708933864359,14,0.62370024431362,0.5176975042494303,0
13.647014817002207,19,0.29004624104968457,5.5615637158615545,0
2.455215814126612,19,0.5391354835695642,7.625952608033376,0
50.10075428460338,15,0.6871789800621835,5.053235271543307,0
98.6009722450287,19,0.791357741725134,3.6651833825678457,0
9.346030514659049,16,0.10319008258944606,1.978195530148018,0
28.010979534939988,4,0.19256923814190052,5.7453610248005536,0
48.31055368081351,19,0.5227576438554122,6.115745031279793,0
11.071147239470806,4,0.7102889024007588,8.34465882026933,0
17.418232926873607,2,0.8800042058046247,7.392846953733805,0
40.81024643966954,1,0.5446451621630514,5.154025981434646,0
31.41342738485395,17,0.30466425214246995,8.095505667634974,0
37.585978272087175,0,0.8578121977657673,1.1336094780553307,0
4.6048103916482095,1,0.9608227880972405,2.388824499385805,0
23.51959202218324,9,0.24906009961570297,7.532950130628805,0
10.146848769168072,17,0.6021691725577937,4.216064388748388,0
12.241135375376393,12,0.32148669291403764,5.738006834377458,0
39.420578452750476,21,0.8595571290112235,8.630852606354923,1
4.518599506768367,6,0.4086351960286917,9.284407547946635,0
45.807486316803654,1,0.9139070439123155,9.28498659393686,0
11.649166037797974,10,0.47490923252198114,3.5512232019515064,0
71.65475933816134,22,0.732060796173194,6.188077875957086,0
16.735218642455024,14,0.344678345902528,6.216327539864519,0
171.87350115950179,4,0.5268279617273282,2.8603825108525416,0
2.794659786377185,16,0.6904140961087329,4.576866101850868,0
2.893418945308647,3,0.19031958814186034,4.169784656823506,0
67.6607522754371,14,0.17427348899888429,6.827856883871942,0
66.04434740046682,7,0.0869655131381234,5.979030364176738,0
4.7475772036817565,12,0.35226068460647375,9.080553457824646,0
8.81695272292294,1,0.5892896832837621,2.4978545282712306,0
14.555846408254656,3,0.10815552232010162,6.00318136149988,0
25.827190417841294,11,0.14972803317078975,7.001686452369493,0
57.59977711029391,11,0.787042336855933,0.5939329776496527,0
18.370257587723025,21,0.4369469854993797,6.3623191122206,0
72.8944805173341,15,0.08914977060854001,5.9406115560639865,0
38.71654587488704,12,0.31902430850457464,3.192227897810426,0
25.13980137607028,16,0.46255430071750714,9.848923048628345,0
9.403946326932923,15,0.23651025177461715,4.074468850389628,1
71.19417846938211,2,0.6775207768580503,1.7426784345691182,0
6.067265877596815,0,0.8069792457301392,5.5396006015958745,0
8.143101728302998,14,0.7747776905025091,3.5932502676527003,0
46.02695991232464,10,0.567726275236729,2.3219875822853773,0
19.15361419535043,12,0.4559983151649989,3.359202588413056,0
60.755189147319875,22,0.9266535890057598,7.341611099433897,0
11.861750675215664,3,0.11450300524049084,2.9942969151200884,0
107.8770774977232,7,0.5108926152714722,5.761930364062252,0
12.174644496870318,18,0.3210881271262279,0.0043110953398051155,0
18.01041190836975,17,0.44536775837823006,1.1413141533251614,0
69.48986637583293,22,0.6399024562526893,7.455033893800501,0
15.660224287732445,12,0.5779491858066912,2.0555472412273748,0
22.96331595649714,2,0.7135163408492549,7.934145356984164,0
7.10348691850877,2,0.018322492417509384,2.7552130051946278,0
6.156424448080862,2,0.48035396141937925,2.0854623222762383,0
176.1893246696727,10,0.6916102501043189,6.875631886540004,0
13.99726819557458,4,0.7944616679274082,0.9852011259387794,0
67.78107638538822,11,0.11400022111922659,3.6266308428199237,0
18.068258384925972,15,0.3170199414386592,0.7539760364899961,0
10.946088744722982,11,0.5851235947019386,2.0177925223543247,0
13.436864059685016,7,0.38532522365203314,1.565600070821117,0
5.326144807012687,14,0.3901712350329124,8.081281332462378,0
10.321585896543901,0,0.16172835639002536,5.786731892433781,0
85.52313073792723,5,0.21910949725746753,8.204633764072069,0
137.91944763832717,6,0.28091734049654016,9.934139473839439,0
46.53300370683537,10,0.7174840566344931,5.5486111991712335,1
40.26894917577585,0,0.41530861635390026,9.602150717083738,0
13.513861732484544,6,0.21033629995381398,0.9676683910587602,0
8.064399556618357,13,0.06273972167082054,1.1620226876756634,0
25.338863703537857,1,0.5614303223190489,4.992410357428457,0
11.650535799392161,11,0.2055048297048263,1.2642651482406653,0
22.734247858373315,0,0.5898705267087585,9.145012290591698,0
30.86087026731597,3,0.5452380164534569,5.043715540667838,0
8.836370916231209,1,0.3365861806361077,8.777376155668614,0
39.43465435931374,23,0.23433887298170974,2.19374400424847,0
3.4080979949020587,3,0.4366861243788682,6.541592401112551,0
47.94814011648056,11,0.3356713044959184,2.70175848481619,0
19.61018149431014,6,0.3336615159506223,5.595478650652803,0
7.455232185754979,7,0.9420791868007586,8.679637931829147,0
9.816700598007433,4,0.5905224711333334,2.8579615840289274,0
17.616849294626572,12,0.6603130377820952,4.70645673687689,0
38.681287957636485,19,0.1936629405718403,5.135735905018125,0
21.90357098743262,23,0.4002621172142068,6.174224664419285,0
45.20873581288691,2,0.2584293472524095,7.9913847857268365,0
10.247876281262048,12,0.926005936202692,1.2161063129857763,0
17.65382658817515,1,0.4586958081650675,5.356843634029026,1
34.93744952859177,18,0.9148688529427936,1.4201507648254752,0
59.01725168793541,5,0.5023095080730562,1.8071655839633893,0
6.725591761184099,23,0.9749831455513703,4.915423423618911,0
2.0003882897600547,2,0.689766827877314,0.8314100297159077,0
12.205301172371724,12,0.5814070687545484,0.8735259249332639,0
9.839130263228348,17,0.6500866384588457,1.792094665791304,0
42.96321921020075,7,0.10029067715740103,4.7231343634254985,0
7.914392501026064,10,0.6256296221272608,1.8320870389662414,0
95.51761931502779,12,0.3025873167687091,3.7862627884910047,0
24.829653654860877,9,0.7749498927414327,8.68588546912567,0
17.860396595578592,20,0.40201046294245557,9.274877504574544,1
10.689540850735003,12,0.8721060154791824,5.531581497596938,0
4.928013355971484,23,0.36405252632221063,9.876979123453726,0
11.134550843263387,11,0.2838217354838476,7.05480246571484,0
23.635766152426665,3,0.5050752805839651,1.351878156275964,0
26.06438313813075,21,0.45834615737726025,7.3942428883871925,0
8.988924764708482,21,0.05657100694844952,6.64773625003896,0
109.93095893427193,16,0.7683933389359997,8.65361407808119,0
90.91095895587824,4,0.39091173682355507,5.011204765434817,0
64.2461980642389,17,0.45891998872591155,5.8828110683726464,0
27.764778001169766,1,0.7107526094130453,3.947988738929926,0
7.4657395369569395,23,0.04829880195350622,0.17264421127307084,0
11.972359361105985,17,0.2516295417475186,6.0226852633174985,0
23.066371934790563,0,0.2203042423636441,9.494609753690368,0
50.634403892597305,23,0.5269756783409617,1.6575537548060948,0
11.032379770844598,10,0.8553124572248338,1.7206363429148108,0
35.23530816980236,4,0.47731727343063113,4.1094912486736765,0
7.2029847163842415,11,0.3071256403325804,8.435724670292547,0
18.219418200415927,15,0.10219725254729917,5.870751101761838,0
18.084442115739254,17,0.002692819490044074,5.102069369905271,0
8.011219947145001,14,0.28276831536573244,8.648683238572058,0
40.86731192872329,23,0.4643505615054413,2.005659197063856,0
23.52275709956041,10,0.35674907568136116,9.540271725235655,0
17.49799672219309,12,0.4591701394684222,9.627514327766157,0
12.322625097502852,1,0.43974489499293956,8.13989136622128,0
8.358689581598615,0,0.45016947173984156,2.9470522060270996,0
58.659956904363035,2,0.6708669042048466,3.754543769330515,1
4.465762388359323,23,0.3719074847769577,4.034263574051845,0
34.25749922161525,12,0.8199545722836938,1.7066609550480616,0
3.9032691021484753,0,0.8009818024984735,0.45698535626302994,0
44.36175432111788,18,0.2314834676328138,0.650741879949498,0
32.05570685321892,17,0.1128203885291682,6.156154502398583,0
11.844469133519986,20,0.9048643716333626,9.683903071891852,0
50.50532434972554,12,0.17133938378055402,0.8438774881332289,0
30.850845452651388,1,0.6484710916527296,6.394678897170332,0
14.265235544735448,14,0.8658341688289855,1.2028244721203951,0
48.81418693157208,5,0.005144810066574967,5.768703705323711,0
18.658314683659682,17,0.266340415890001,4.430164808864749,0
7.375796420056866,9,0.2883306513178776,0.3483067633818726,0
73.91615855840107,20,0.6900413182807116,3.570422820354814,0
4.845781947378785,21,0.645435770059813,7.857407700892789,0
28.60281448986195,10,0.5530755939041785,1.9597431760011919,0
59.56615910755607,7,0.9128505556287267,5.180112358308676,0
13.658168595209542,23,0.9870149350515253,2.557074169405038,0
9.204537429688697,23,0.06791899178326899,9.253941722397625,0
20.443864818879963,11,0.8715903824303788,9.272431168769653,0
3.980715030209746,23,0.2133213844715809,7.2656093295321575,0
102.0246762358591,0,0.15414714212358038,6.905780588887829,0
13.335527780105377,7,0.7810207889410277,5.519388556726275,0
14.989138886019916,16,0.6330415673197832,7.849032860240036,0
50.932827535947034,7,0.05980662112076163,9.83460657582943,0
59.993504427436804,2,0.21529212751773075,9.61702619506905,0
23.20082910391439,16,0.7119952754442329,8.087323923950478,0
5.806496879762478,8,0.010699193613282199,1.3616429941718144,0
29.855569843757685,19,0.2849874657203656,8.6141128713713,0
30.827035103533955,18,0.4512706375679396,5.9206785201531105,0
21.99484088707578,13,0.9126020797202927,5.333507067998075,1
36.912619982217215,10,0.850374013084918,5.449586137735634,0
28.605256344984827,8,0.21691108032063844,2.542559366188736,0
3.493513750653676,1,0.30608369950696024,2.067613964537199,0
7.447591491104546,19,0.5183848179629599,4.484688965675868,0
22.86674366236154,18,0.43622069926817164,6.330548670523076,0
17.095592207438145,15,0.7692897089724657,6.511073410588555,0
19.406203013724177,23,0.9512471561128324,5.231429389802399,0
15.986599889169554,21,0.6215540769857454,8.210826515827979,0
16.06751669966249,1,0.11214020300569494,9.224741212566727,0
9.92349846251645,8,0.4416315033999705,2.15050628085013,0
13.636584550030102,18,0.5471627341270658,7.374714662674728,0
28.310999519256043,5,0.9551716031363205,2.3252675666937717,0
5.595339391519819,0,0.3451181465288411,8.451377281368229,0
9.257900414625205,10,0.6695409142573348,5.074161477158624,0
13.84931817844135,5,0.011275736283951732,3.7210039979043996,0
19.083439082857776,12,0.4366997731716402,7.648091895654535,0
26.604932430830775,13,0.040482570689049924,0.7341298580932165,0
149.2976548985647,13,0.23702231305839438,5.692255129079104,0
12.518258388465435,1,0.46929111443334937,5.458634850615139,0
60.88838388531184,5,0.5813464638771004,8.677219552459881,0
4.773549626795423,1,0.8766674515062568,3.181574658465809,0
448.61390003178593,22,0.18480492579523822,3.040887547056952,0
36.374145885116974,19,0.30862766773439954,0.9412452479923461,1
3.7222461269102642,8,0.557217012607837,5.432555087319894,0
11.432375988349339,7,0.21266396762778472,0.24019289128100252,0
11.901657675665763,21,0.9075195688187271,9.370948525052777,0
4.226013140270476,3,0.8739355588273642,2.36986494270371,0
29.89173587925868,2,0.8868691261506387,4.446673542873134,0
18.5959961662761,21,0.720284352946875,1.5486049943053648,0
29.851127278726306,2,0.9962483526460705,3.359570570494471,0
20.669845847097264,3,0.8261989305308504,9.126756905270186,0
7.339002871425904,7,0.4959872264160451,9.800221756312027,0
149.420160727938,19,0.7387568947946658,2.850493277234097,0
6.627654110013697,19,0.09585630599535766,8.168558337888744,0
7.28807774805814,18,0.9180500594811566,1.6226408149594551,0
74.48548976281836,9,0.984169791104257,1.3768993074532132,0
14.646623316812327,17,0.8570080738146084,1.3716392340752193,0
6.041883282416961,22,0.03559319908418601,9.424457331415056,0
0.7831202011242,0,0.1652077917912499,7.000799698816984,0
32.17913714730548,2,0.10550298227812094,5.786227233021047,0
5.527997710455706,18,0.4256519206317383,1.900891261130807,0
7.55994553846934,6,0.03812270786634009,5.298807968165512,0
29.943002931391383,9,0.9433497821551288,9.94106799652007,0
5.049559090341901,6,0.5850492746224366,8.258419675074652,0
4.497859928604195,1,0.5675281591413962,9.866314768813828,0
138.14050432533233,21,0.4460083365587628,0.12154058291599434,0
16.091224440771146,22,0.33785842939689903,5.558139040835903,0
21.82160699931371,17,0.4842905167508472,2.913726031246635,0
10.692057502038619,0,0.5175300916533421,3.3129402972053947,0
43.91496003722294,2,0.6957786050780024,0.5698614191302975,0
106.25539567825862,20,0.16525015225413886,6.73098689969514,0
16.230470319662935,9,0.5752287786841978,8.53951721975108,0
26.111646882289783,2,0.5791302516294405,2.449492249111679,0
14.797212089753382,1,0.3669893818335974,5.226645704013344,0
6.424335063520093,14,0.964289404918259,0.5211858682412551,0
14.241465474737643,13,0.7451027859241818,2.806135295893358,0
29.734224315207925,14,0.7107679903059222,2.224089835176528,0
37.485669629723056,9,0.8731273080661907,9.757406014551774,0
40.622115075466866,10,0.33891022433443807,5.008157241732216,0
6.343417983197893,21,0.21267017629297935,2.1640631961267376,0
6.23987478012346,23,0.43828659364305866,1.3225262037148655,0
23.626927623780745,19,0.597547410265772,7.761726853509731,0
24.045831866347296,1,0.5576005710200953,0.45267227392192577,0
10.978509889884108,4,0.2204051926090017,1.374876623133574,0
2.3885290378516775,9,0.26869399007889416,0.5121003941793678,0
19.234128152578634,7,0.9257370620730787,3.6684896231918183,0
49.83223076717681,8,0.08110239999894597,9.435825965096432,0
37.77125640496413,13,0.5040502912668708,2.353714817640883,0
60.96626242396675,19,0.4746677705078123,3.750144001655179,0
47.03590325103998,2,0.3833704643615762,7.33961052032893,0
8.099024124670326,0,0.7836091165297018,2.03873163032131,0
34.309443278180225,15,0.9225818687166355,2.8660020789629614,0
32.283379617844005,15,0.9972735239012329,3.8693246424831953,0
64.90986873532701,9,0.1227404517857954,9.543221882343804,0
100.69486705193991,13,0.0428558836846511,5.4431985357824235,0
6.874538435507141,18,0.2753002412357982,4.377734924870803,0
9.172304031536035,15,0.6825024867892538,4.01511103573664,0
14.281140321298905,20,0.4045295222815687,3.8941408396419885,0
33.810864870562405,10,0.46590522124249356,9.09215085560755,0
5.2181782816775275,20,0.9994219610764371,7.775197374887856,0
6.053585492081506,14,0.4913357059867214,1.8763064618172176,0
639.4275947591015,1,0.9153464918640303,3.189602283024419,0
12.565586444284982,4,0.4116709011950772,8.479050901039,0
16.161106735626987,18,0.4401520921176696,7.503053494003278,0
58.47595495577081,8,0.771471848049837,1.0368541541788046,0
6.631044796638218,10,0.9014490682089958,4.080017737904851,0
4.747443940820074,11,0.812938155925565,4.907026777457472,0
44.15551425585234,12,0.4714456167291138,8.57405073387886,0
44.61642493400849,1,0.698035351622133,8.528252721812153,0
10.085748690286314,0,0.26377426276168625,1.5101341402367974,0
23.97557444637991,20,0.07718396860222254,5.8564799998686325,0
87.57683404762336,10,0.1580183576610149,9.431456955090507,0
18.229155431657855,7,0.02406963242629878,0.7677332087486011,0
12.314191741048493,16,0.44451341280088774,3.5854784339621726,0
3.5309614571338295,11,0.6556579417231461,3.373574540821652,0
137.73967125833346,8,0.03342500956909278,1.7148787952479672,0
7.052958616547622,22,0.05181550743971164,9.787542351592087,0
43.223357397579086,22,0.5208166108233602,7.079479576572173,0
8.186130098573322,19,0.9395779211453451,6.840358203123165,0
8.904042792041071,23,0.14138285958390218,0.4898646329653511,0
52.093748539193136,11,0.6785057074560612,3.8417279210379296,0
20.74095650047022,22,0.6544542991694644,6.218162948126156,0
10.19762260386319,5,0.30594711488735893,4.864577583057203,0
15.895374803471405,15,0.07589447989879494,7.249015789853122,0
80.13038434988465,2,0.6091858399086579,8.274259420702956,0
21.53167827159421,16,0.4432568334344189,7.614342530870795,0
41.93002720720275,10,0.3119586299796733,9.437330479387745,0
22.50371996601653,2,0.7801118636183213,5.5358567939001055,0
8.997287837676966,22,0.4049302100463137,8.531486503038767,0
64.25864097509465,13,0.6170835984812304,9.833807669187669,0
53.533525068096935,6,0.2562391987089063,5.107394963693447,0
151.2678575569822,7,0.07830544304695963,0.1457476484128184,0
16.878370435918566,16,0.15513872611578006,3.264897199927359,0
45.55705598632531,9,0.36762727601870615,5.376205476708261,0
25.246217927147576,7,0.7338085550113205,6.804578980497762,0
19.285377104065777,20,0.5856391301900891,5.9212921825904115,0
82.36509475406655,19,0.37620498505484545,6.479225933970396,0
40.19916474361333,14,0.4742864296918199,7.22606155623705,0
22.032016898603054,21,0.5816629340519289,4.965858865745737,0
26.108239449603648,5,0.16921185815213624,8.28045167715706,0
5.841359712959691,18,0.2718010099374779,6.656954226128376,0
30.088517962327522,7,0.2765056238699861,7.758545311828978,1
38.72940198909616,9,0.10304428627222528,6.61005134719444,0
13.9617823451003,4,0.19977773485638528,1.0802641617067288,0
62.04996807023416,1,0.5592867648763318,1.550328630854072,0
20.57391138238103,2,0.22631188576070183,1.6981118260055672,0
20.174918136806514,8,0.5819983131898403,0.48813492098312095,0
14.041076702655111,23,0.02401664680504345,2.187293143019705,0
6.420021914738134,15,0.17380797996282327,5.600341415611089,0
7.692377608155198,1,0.6115503206531998,0.5988311067561514,0
23.140914754079716,7,0.5844185312977146,2.8354138944859386,0
23.362544218557005,14,0.2756877884482155,6.231270949270308,0
17.05561057342909,15,0.6232567203497966,1.9990475554291887,0
50.320053236286235,16,0.16591322992698898,1.9757275908466831,0
18.706870898562116,0,0.817532703199147,8.270570693655989,0
24.119076671617677,2,0.25032965929965656,5.492493572921033,0
43.581024364771466,4,0.4673076455558822,3.1359137300546323,0
27.268558762356648,10,0.9473222885030539,5.487976532810222,0
6.5028044409370915,19,0.5777986248285867,4.281105829097749,0
128.26380233160424,7,0.7522741929753312,9.509159443189585,0
7.7434830605252625,14,0.7455187059452291,2.013703403496981,0
13.90375994728609,6,0.3813857480960019,6.643183798251532,0
87.53136255581333,2,0.10016637050196608,9.13071462127164,0
18.206438559332653,12,0.34055175478985644,7.216003782411466,0
6.559816059901907,5,0.033788030935635094,3.8731474424521686,0
17.56750968454577,3,0.26419006055047534,7.463799556603617,0
27.69436355191335,19,0.036285303143201775,2.3232396959689106,0
9.31689444019298,4,0.41955207465201394,7.169868274520079,0
54.86792245780433,1,0.009018079154176295,7.865010877672233,0
363.993308170513,4,0.7606841894342581,3.7591859958194416,0
28.514844691997155,7,0.9630532344013547,5.550014641523311,0
74.23246784070939,8,0.03166171576224819,5.644712270868741,0
48.85088152151981,15,0.5778361312995536,5.560507610824612,0
3.3045394531784744,10,0.2704515432864517,2.0033459914224663,1
7.34726990278004,10,0.5237151335003064,6.313969246150984,0
32.29464405319424,3,0.9431211700902041,4.062875879880602,1
15.19413363262448,19,0.7652839149157027,1.334369823214827,0
6.565826150007373,11,0.7463194415399471,0.5551754688141708,0
39.71386247630631,23,0.29340631419392327,8.23482026284579,0
68.5681452454655,18,0.7964734186666975,7.5912216126126015,0
16.41671186924079,2,0.10248337408474628,9.314015501595836,0
6.317292196749763,0,0.7074945962995333,4.779629140521449,0
9.473947698889434,5,0.4041656737421081,6.136479307087129,0
6.086752894657631,1,0.4372352751357883,0.6346797292529904,0
16.704660824627734,19,0.489836750211634,3.01013945847292,0
27.11221641648991,9,0.7682440403874983,7.512650188100744,0
27.923114420727835,11,0.31150887242866077,2.760710733577798,0
1.9540807916057747,9,0.32349773420254846,1.122459372550626,0
2.315711422835742,15,0.5203302501712623,0.620862951377632,0
11.565609608773451,6,0.26779670373830344,4.532835156051032,0
152.17687822039196,7,0.44611610677500724,8.748178709324002,0
15.48172862020498,1,0.6603441746643981,3.693517443836649,0
73.99326569152143,2,0.9898557394365806,6.669778039426852,0
131.1612940664859,16,0.2619944144610806,4.30868288670657,0
11.04318619224621,18,0.26215114378750437,7.861986645800507,0
3.3588646375051803,19,0.39411819372572077,8.032992024479118,0
41.49512108328347,17,0.6590720044892577,9.465887966220036,0
29.461032001886124,13,0.9262480097613548,3.3795261621961705,0
22.2465944417859,6,0.9490233125867487,4.712267555191819,0
18.004335972955307,2,0.3380180105148525,6.457426383389255,0
38.57765443645448,5,0.41727496035613,5.008813311771203,0
44.65069934347326,14,0.43633554906524374,0.8393677165352031,0
223.29975856697874,1,0.3489124758495369,6.46295671975039,0
5.098371497510239,17,0.31541669003889994,1.1003158992757955,0
98.9967001699479,21,0.0713917636902518,8.407041048015115,0
0.916445405884148,19,0.5450954051787923,0.8287535250816291,0
17.394491449152888,10,0.6623383470869639,7.813122863137082,0
223.10922349876213,1,0.9915773433724302,1.5105141707403014,0
141.96121341746044,23,0.6191700204388163,7.40732214315016,0
39.57076804040905,6,0.6104339513119473,0.23065989987001934,0
51.23843981760148,22,0.3703873966176098,1.1168455079997375,0
7.43623073607434,6,0.05751173539566068,0.20410132393492764,0
17.392982884088187,19,0.6141656606931049,1.8240331559889045,0
44.30822255103418,23,0.1255400333275093,0.003530892648191397,0
17.198236593145992,18,0.7439143051675609,0.8639919008266606,0
44.70445935086509,19,0.7541541231389536,0.2504893736653657,0
32.10353074602525,14,0.10509774750266432,4.343898487571237,0
114.47597120072844,20,0.2776250070648124,1.5719861672539581,0
46.33636690317814,16,0.8198977097271201,2.8725414270122718,0
56.63716476624946,11,0.9621822748228283,2.629196730948302,0
18.41768745335846,11,0.7305674047518257,8.30945059734844,0
23.34792555877946,18,0.4013265829030539,1.633097210790908,0
19.036327906824557,14,0.827211008997687,4.989869915386924,0
89.21658709595845,0,0.29289702987806665,0.6915306948160926,0
11.7925328337454,16,0.8662601063888614,4.105981326944238,0
20.559613230337526,0,0.04283607120246069,8.041366398643211,0
1.9194855327578042,23,0.9929253831475111,5.164517046783917,0
15.085509379885204,21,0.11053367084441212,2.5861559683642033,0
4.669739442733323,22,0.9151662447773573,4.077299897072551,0
22.710243645724134,5,0.852539456144182,5.558464040371548,0
3.040028403401731,16,0.2932047161846759,9.048945004718508,0
48.65032245727322,3,0.4623522277904767,8.378850839678964,0
10.470440445055782,21,0.2144737860196102,9.611248401843019,0
10.484537014691664,15,0.4810687922513248,1.787018289911706,0
29.78103918132925,5,0.1808052979673801,1.9821804574228152,0
5.96386704114981,5,0.29261334140275086,1.0029351263263042,0
15.918006355765977,10,0.03915824008799995,5.0846858385066,0
48.93084947528195,18,0.5518706121320721,1.807311773473983,0
11.733565130802466,3,0.7235430699230133,6.886270260269943,0
37.2399873365394,6,0.20229837858947075,9.562874484057096,1
24.92955770223469,1,0.6121348104690671,5.6791217006762515,0
111.52170010622685,8,0.04808420749202846,7.175108857611255,0
57.21732972458893,18,0.08346169464691489,2.0006670595929963,0
132.2030066488477,23,0.5444571987407211,8.163296339308504,0
9.101649573737546,14,0.05928554842079459,8.563818741551376,0
27.808172681862068,13,0.4572080780133413,8.846041243749635,0
36.099323181560074,18,0.06407017709189033,8.656403840031686,0
7.169272694380207,14,0.3492761782242517,3.114661256565825,0
15.16377361033979,1,0.8806664632839015,5.278812001524153,0
215.81284742666057,16,0.746399772756277,3.0928497415051224,0
41.700384502160034,13,0.41355561195122104,8.784052210715409,0
56.72100552500583,17,0.35028855631284594,9.084042546324653,0
23.83345520256324,9,0.36472146619880774,6.742419217258718,0
12.318874709720413,5,0.1317673493585172,2.199754540328028,0
11.06233971178895,20,0.390650644395514,1.1285657307519381,0
1.9359277602558753,22,0.5874828283992062,9.044310566863501,0
2.5178261253824283,16,0.8479417734406219,3.562263878599593,0
26.977723243609233,6,0.6825355064174365,6.4964465659208805,1
157.7980717375869,17,0.6379592583007886,8.169597539838994,0
3.4832184547896987,1,0.06719240168431528,6.686581126351307,0
22.40908560356648,6,0.1427361009332495,9.886710018623056,0
10.37414886744709,5,0.09443608741692422,5.743249806437424,0
49.358217396335,0,0.19087309428994548,5.602418656321362,0
3.055935415819034,17,0.7739829273202257,6.163794958475118,0
5.421497438826158,2,0.6203651853608251,5.335445629990318,0
16.01558851585993,10,0.4423457263997267,7.771064215006738,1
99.62043834612825,14,0.011591515853371037,9.378402308736284,0
4.738461006742109,2,0.6681103902055642,9.054648225891068,0
16.948454786485748,0,0.5393897727638068,4.9409639818580136,0
9.092614299402287,2,0.08282757015905684,9.273894761028082,0
5.615327364190829,17,0.7007508889788447,1.4454589746537627,0
24.943917462850045,14,0.2698232043100435,5.555354491186854,0
19.176147533548832,13,0.4840063067336372,5.085784961447453,0
1.5132374650755398,4,0.31877182781079927,2.1134121668889048,0
6.360254205512281,21,0.3225738745210076,9.831042833633028,0
4.710991283361862,16,0.05902712314239089,9.58502906153306,0
7.460010058049601,18,0.04775521600536026,0.017966129136122166,1
7.032482990216887,15,0.777797054541213,5.377264130284589,0
116.27091044358313,18,0.0032838170415024903,1.5225914175545008,0
11.275755315831569,23,0.28761174193626526,3.3968039465196833,0
8.362119736729396,19,0.9512740777341755,3.3184646131041773,0
111.92667218203854,20,0.798780730273083,3.4429306148424574,0
10.53513960203399,22,0.5183921163385494,5.751534184029628,0
24.08555412361617,5,0.7421871822636392,5.14479209890818,0
14.478297610693525,19,0.943787900754902,4.642307642862805,0
90.73683351408468,7,0.9398723048390834,5.221335217441098,0
15.963729092950954,14,0.44582808367574245,5.981989982070379,0
9.524516122307439,10,0.32241241926119235,2.5223478200806015,0
10.206161642815392,22,0.7481332074870367,8.152972676912864,0
29.208566448949373,4,0.41018574349336556,5.523035943432117,0
36.062359553016165,9,0.15480135503077852,2.636168362735601,0
48.65418812360884,16,0.19376023438478895,1.7174098003394445,0
11.24032673160501,11,0.543116776306524,7.657449105856039,0
6.489450391715871,17,0.5091798529727262,5.259403003968284,0
15.933166740307172,18,0.4633358091327926,1.8487927275640614,0
30.827946708298388,16,0.3700523747656117,8.383691988842166,0
72.39485988327432,5,0.32510212363862134,7.008606305976162,0
15.557700769333962,10,0.18823434069105027,3.2726661172717533,0
52.072139467679115,23,0.6818450178225978,2.7763731597932773,0
5.662671077401669,1,0.5031038798871447,2.2026533920198266,0
19.499659808921766,1,0.3693454073209813,0.7144034364643193,0
4.5879336724252875,16,0.7773915661054736,9.442826514813843,1
15.065616522781143,23,0.6324126208265943,9.572038012109472,0
61.09263444393719,16,0.7556219628124339,4.044879908396681,0
45.03270999197979,13,0.6444396248532221,0.9336418900264065,0
8.055605165387686,21,0.6250093145261278,3.408399983410849,0
10.935881439474008,19,0.4118145839661891,3.6000222326613187,0
5.652882029006913,17,0.2810404506166968,2.596377945957041,0
13.825725943007422,19,0.2310895395770427,1.0034808812518725,0
48.067412256359724,15,0.8986647804576929,1.0154205488883172,0
3.584515560471488,15,0.200855309422591,9.385992197315773,0
47.836519736729116,7,0.6728118730371793,7.9458840747860835,0
1.4575870202177852,1,0.1893944003179654,2.331851033947543,0
3.0160107889898953,23,0.9389246589677037,7.132610433599171,0
2.11854482368872,15,0.19603452575086555,0.5647273513135243,1
13.315109921279932,15,0.8548573570514012,2.5335289417470355,0
8.175539308937328,1,0.935122540415535,6.894759936328016,0
71.77559817762766,9,0.20689667651213728,6.244716589839832,0
26.454545206411847,15,0.8870530083603978,6.2494698787540965,0
7.177656751343475,3,0.1094601653826619,3.740969346258163,0
19.76226784389687,9,0.6999872142876414,3.2237510571666093,0
10.86875323383098,18,0.5068849003329398,3.941663867808478,0
15.515534331267483,22,0.9611164215945713,2.861278469774158,0
18.274113720420974,13,0.4809450509690858,0.8498173969924683,0
61.322825820773105,23,0.0684312606184796,2.0129956697529847,0
130.11397634341594,9,0.12623795341584643,0.45917033814435015,0
52.472924264940474,14,0.3214469024851895,1.7125821234288963,0
9.020274699548189,20,0.4689743700506237,2.8398759142294736,0
16.954945853665194,13,0.9579267941674622,3.47335839483799,0
12.649743229013104,6,0.48430025581767866,9.400072486721927,0
3.1248019912609917,6,0.9300176846404034,8.050622871313918,0
21.04441472985596,5,0.9133469496418681,5.110304241362149,0
40.86698813793688,2,0.16872626576324445,6.586254970613071,0
3.382040374396365,15,0.9192817096990179,1.7249571710869427,0
8.97870662621463,3,0.2551812632667301,5.4110705637293774,0
7.871576901394506,9,0.8368055314809397,8.029822526354573,0
26.56066290737426,8,0.9752843460350595,1.5726918885311325,0
32.88852567789377,12,0.071975102948731,7.803997588875951,0
133.40742225353924,10,0.6814114049705449,4.461080396366835,0
21.008928995334056,20,0.42625240676644416,2.0069722999501414,0
46.84901421777457,17,0.455138459099684,0.5092468125323713,0
17.806092980351394,7,0.5587675795875239,9.559027806437841,0
13.41005351652851,11,0.9454372714568963,1.74138071560608,0
13.501281619239439,9,0.6321261372621886,8.080373501988227,0
32.401076806386314,15,0.991823929921235,5.384153254229273,0
13.864185592324125,17,0.9652459731111275,9.206179805804455,0
4.6852646713664114,2,0.8563050334870549,8.217969754837188,0
20.948922076619713,21,0.6991381697657578,2.4202685823622296,0
26.296903245007183,6,0.2318214830899693,9.90146040248518,0
17.589459968191953,17,0.5729756589163083,3.9113222564951746,0
18.361407824221917,8,0.23381029544941934,8.138193462751344,0
27.779522712594485,21,0.954245249729425,9.851564317349794,0
13.008750218571292,14,0.958800297713093,3.058447992635329,0
29.508395940430525,10,0.3325841402624903,7.459293887258594,0
24.13686026653195,23,0.04810855612725906,1.725262224178753,0
25.67939200027405,18,0.8277808226714752,5.960008216032001,0
53.50285618583287,6,0.3520913261358265,4.132885543316517,0
31.812539295727287,19,0.3195126665344121,3.26776507188732,0
3.0043587009450983,6,0.5799504194421486,0.9458099493891958,0
40.78611412592039,14,0.0004765751698055931,1.6352685225973473,0
68.96640914361045,3,0.37497295904811123,9.43572569467057,0
69.41839140463806,13,0.41636603165581076,6.1868319032409325,0
80.2805441318196,16,0.970788706012051,1.5293067493333168,0
29.52034721549623,18,0.15838869573649583,4.792215549343229,0
23.419913480366933,17,0.15061662850698676,7.346702925265587,0
12.264949509959342,5,0.6193607698510415,8.045247144159811,0
4.834155865297532,4,0.07818732052936106,7.3449030846563925,0
29.709458500915204,9,0.6210744205635026,1.5923183597354373,0
18.85483836127441,21,0.40744330575796583,9.251346474947585,0
8.437969573151511,3,0.002628566090354889,4.970322337796071,0
45.846351130768255,11,0.4406445249198385,6.953167042343028,0
9.536004943487503,14,0.7387605618725825,2.8239214579198935,0
35.30412887731112,15,0.13260187613611507,6.361033049291217,0
19.851215605512625,11,0.18355810655184523,5.273645433055588,0
72.32911459024082,16,0.23446611643126514,1.9899469983117835,0
108.42360104490807,8,0.38988522442185614,8.98570943057493,0
40.901850627182355,10,0.9491628115641457,6.3712730685165075,0
7.9829022974624095,7,0.07055212220581064,3.3420410591812577,0
15.583564475621996,14,0.8216737840803374,6.07970068581341,0
35.30053797423024,17,0.8007325534769535,8.684516609230922,0
14.940589030116353,23,0.4656871626618382,5.54645182561817,0
62.34761986926585,7,0.13603806756623305,4.185190412993589,0
17.896652320328297,10,0.6121501009376384,6.467588084454046,0
33.691117665525326,0,0.7233381492089488,3.400412320410069,0
38.82442037531222,15,0.15524876049857994,5.510922249901208,0
35.85923510056159,11,0.6989454677892565,4.276221872438269,1
8.769045106200162,1,0.9205303491514922,2.2477640072274996,0
89.11100132568491,2,0.18949220062054506,1.7392159314727529,0
23.93201663158904,7,0.12567201318974786,4.851232453196984,0
15.422466349641935,19,0.6668734433291434,2.2192507336494205,0
4.574901613607367,0,0.4811157130746665,6.033207760416736,0
4.622636263905302,4,0.8539352947424398,9.136721335451975,0
10.965654359017412,5,0.5159208827108155,4.57247782598825,0
10.672249807084349,20,0.8209047189625578,8.753065075940805,0
5.635896248936779,1,0.3951129180316598,9.346590653244045,0
11.87302197834431,23,0.196122297944473,5.990130660808814,0
54.4567436445736,19,0.3754670873736613,5.8425017969962045,0
29.39510499232774,23,0.35954231623849997,7.030032881703004,0
6.184862085687841,10,0.29949652787413006,1.3977282124786816,0
56.44594656442491,7,0.23419273160523457,6.097272766093705,0
55.238021197227525,4,0.3865785835385299,5.58626667354427,0
4.263335617653827,1,0.9716312382652476,2.2718281789759045,1
80.53124493745513,9,0.49167390127265886,7.043021604511054,0
38.61127857055975,10,0.1388202177098825,8.018240507568752,0
55.73977018191354,6,0.23517045621546295,2.2550497488576937,0
7.602304406473623,1,0.3529662600768859,0.2975233103678898,0
14.453778443541687,4,0.18841451743236381,5.213466673119233,0
12.39008111136633,2,0.7417581253201887,1.7360953955242975,0
9.853341369920658,11,0.7906563208702695,0.31095629212037346,0
10.29489617741345,2,0.8025863232028704,4.175545949690493,0
8.025481817288863,0,0.9157611807949808,5.601052189444772,0
37.0352247997986,0,0.8587456031884021,7.525116511844514,0
24.285222412914358,3,0.5807481952545038,3.6452112290307292,0
60.6236219963568,8,0.4993290224020114,2.1306698360875953,0
1.8166792477759146,20,0.800640780457444,3.2794462506232316,0
30.04358988204873,11,0.9655031786234559,5.007226209346807,0
10.926235079402076,11,0.03053017346565301,6.714122525881376,0
12.492444835143102,9,0.36033336750869094,6.361295853917365,0
15.11982753240531,21,0.6680147352773235,5.289785761696275,0
212.95699273038937,5,0.3574592579748307,2.554739533197947,0
9.650374240645787,18,0.7628387562899198,5.621938622577712,0
35.96361608420213,10,0.7917982642810848,6.887105888011453,0
118.88606104946197,12,0.6828695702074746,8.945297577272285,0
6.047447657751728,19,0.15841244186858472,0.027856107002859343,0
19.073413124013392,6,0.932485115206884,5.834641972529486,0
5.402391564359619,19,0.3281445414930705,6.216578627535103,0
9.333743818535872,17,0.9775341999273833,2.130568510449967,0
31.824955774794105,3,0.351984814639808,5.595104823705171,0
19.112915333121652,13,0.16077340786026473,7.436033579202128,0
3.809204825757033,14,0.28834175964021835,8.31705634620076,0
35.16602151492929,3,0.8145140304303056,6.586514121671493,0
120.84548954597473,23,0.30816067172500194,9.751619611873043,0
35.37969166050304,14,0.5979518683052886,8.332247936843046,0
12.134240107239975,7,0.6958694259942082,3.945019241787765,0
7.3838290384807665,11,0.30438727202963367,8.70477987663592,0
21.19634205579601,2,0.6637940447171277,2.122607691810593,0
6.970065327617298,19,0.15447103211327995,7.05378409232808,0
69.25021540896492,22,0.6303024575382866,1.6761213200106329,0
16.110092103637193,20,0.6548545401289602,9.718192877506308,0
4.027502009051823,15,0.032711445692769736,6.408835988521306,0
12.513489780770785,1,0.2940993948075642,7.451057544104306,0
11.013324382943484,3,0.006075149767613142,6.1719663972407615,0
44.890654947662654,7,0.7924419282720621,4.38430187420325,0
31.381063385933498,13,0.4466109886215027,3.488159533499049,0
23.05443205008997,17,0.42680443724541417,2.805429285401595,0
10.478492202937552,22,0.45688381963234703,7.907383123301256,0
3.644399955753027,17,0.4042876180584791,2.3095006474186217,0
79.3356962361423,4,0.1646447197588059,8.55200388890593,0
20.05087538323522,15,0.6619739875703613,7.5618533829083345,0
90.14116560696861,17,0.917330678225804,4.077837360704581,0
28.69961161281097,18,0.9866953553084585,6.416508269194531,0
7.477323376672206,2,0.79686382986349,8.092087221522245,0
33.33041063979758,19,0.38872707065901224,0.16745900155124005,0
5.279918561857356,19,0.5627302416569048,2.708144666400857,0
3.2608391680380584,10,0.0127009822478934,9.705723377506036,0
42.31023427093549,12,0.35599889995796097,4.062498998762977,0
10.637305096786502,1,0.6713263946664155,6.9685921255042995,0
74.67107781931779,12,0.8944964188628048,1.823484482898079,0
6.850378567796138,19,0.11050975008685093,3.6987224250307427,0
103.67044643155954,6,0.09170973259437554,8.02991599317749,0
56.653134779026836,0,0.15431173076362537,4.673721134032901,0
40.13643100120006,21,0.14462518476451391,8.991780781619072,0
16.552815078986228,7,0.7845171789784704,0.16973642930264154,0
24.00499090807299,5,0.7116542811535878,5.480404298287704,0
53.75653771701333,7,0.9044918012170917,8.042042860804676,0
27.556306303080166,22,0.2939703356776401,4.066248978406611,0
48.2526650557755,2,0.6795938746580668,2.749863847135602,0
27.02448667935847,13,0.36456655887563794,2.4956189218832145,0
12.181479426553654,22,0.13750010416293224,3.6838854273364765,0
115.33542817042856,4,0.7860387683050234,7.416152956818911,0
129.37785561170068,2,0.625148325604415,1.7841683254303131,0
69.6151485045173,9,0.7032067404995913,5.877143959200735,0
25.30945781938252,6,0.16293278693282698,0.22079349181731045,0
18.937458972472882,11,0.6450812985241842,1.0061206033003944,0
58.2588400024933,18,0.30931021151608695,2.129008710779836,0
18.085902916212646,14,0.2515511833280275,5.36314011968064,0
5.988778269945255,1,0.6497033110247676,7.680792729598997,0
16.585379737264137,22,0.024314699144735052,1.3270246432215083,0
47.39062918870636,0,0.9042578956740451,5.777463791881425,0
25.711192723357318,0,0.16256376655943328,7.192385201804614,0
19.930844153785653,13,0.41926239455307246,8.47530876312046,0
9.351512046666349,20,0.5438553568456841,2.3997996200626,0
5.14854570137339,1,0.8348734505715826,1.379456016808851,0
12.54520902420685,14,0.22319441700230958,6.174659205758845,0
28.48109588381764,16,0.9228818054654901,3.6668647109403816,0
11.0452929687743,7,0.2965166331847421,6.213576509587818,0
22.31441439443109,12,0.5378958682336167,2.458531671255435,0
36.072265452290885,16,0.16912268011270382,2.338612270523627,0
43.390951705656725,15,0.6223749357628312,7.632242047268964,0
25.189862171476893,10,0.15672138442247285,2.817884699189077,0
5.025511246253777,7,0.08415302566872351,9.532426625047087,0
28.273375977983637,0,0.4916479146207513,7.374003401933691,0
16.90837225544364,6,0.6975915835361315,9.465348112172991,0
2.140890378185904,2,0.18666780120471294,6.4244172245117594,0
14.769623059648211,12,0.054730229960291865,7.826244403505412,0
126.59658073902746,5,0.0424906172881101,3.8646520388741514,0
22.77082452050183,13,0.0014644786741517812,9.922328971886081,0
35.848764457449164,12,0.2337292268265273,2.683357212614925,0
91.06934634031754,1,0.8665171881160431,0.8504993676421047,0
25.220602447062852,10,0.45210397995419194,8.726347299219094,0
20.881564222699744,0,0.9231825338463711,5.557362064076738,0
4.683782516818725,20,0.24939346355566738,4.100608156720188,0
19.301217100156858,22,0.9833704013026309,3.175394996402574,0
14.451349944278027,7,0.8248567193334052,9.578548948970058,0
29.57612119308253,20,0.7838412375228123,9.181768974872629,0
12.814590151485,6,0.5955861573279034,8.670129883770223,0
11.108848048699725,13,0.19591053725822183,6.39962204922416,0
2.0784190900741986,17,0.9516658183374405,2.3241024814362534,0
48.71369119168421,10,0.8103649300150984,8.62413026486082,0
6.984110228548283,16,0.832392664590346,9.08246481050125,0
37.138942765108816,16,0.8861299476968728,3.273214420300344,0
66.24839278195915,9,0.2578436380086172,6.345095202169406,0
9.089525132860672,0,0.869511203616432,0.006935176353924932,0
100.07962979609881,2,0.490330466970083,7.853894989559183,0
22.20270366709827,4,0.6533361196562678,7.1658397332430335,0
29.87993752541262,23,0.9607718486728978,1.9950984806015537,0
13.439894454866648,6,0.8986608550805636,2.44436229096069,0
11.64019455012385,17,0.24968656039004133,4.783697597324195,0
3.4149206889927486,8,0.7337832806073523,6.588215771613662,0
139.33210596573957,13,0.8294028452724247,7.328120358678406,0
2.2912795820319647,21,0.4413574200010383,0.21410655462841044,0
4.272059726250514,12,0.10694925039032266,0.3880497061888166,0
17.088754724594892,7,0.3141638143688045,5.8197410128276434,0
17.755019084305886,15,0.7341870360155205,2.188525835530223,0
3.8720805751826117,19,0.5871838619060852,4.359732943646123,0
12.526346155735547,1,0.7715928631733701,0.19694153592158758,0
10.440130394137872,7,0.8965457678244966,4.902584589640679,0
14.616556919863426,1,0.3259893713368034,0.11238276188314633,0
51.011945892077165,19,0.6879545086024709,9.891986900758011,0
83.76849531775662,10,0.0969133913571969,1.5270047992157376,0
105.58249952512364,17,0.664515778020943,8.072945194549984,0
35.332249512348604,20,0.03574066878166304,3.596408792919805,0
4.551645688545507,23,0.2520033928698855,2.550383380572373,0
33.042234621696565,9,0.44815840694797837,1.343624320099115,0
31.328724812937942,2,0.8451909846078238,8.711399636593901,0
30.07008237597559,11,0.1485927300695159,3.221512758165356,0
46.08571748012329,1,0.7798948417266981,7.397313959662645,0
9.87873541588089,15,0.5645790419860388,1.1271255792815627,0
5.523672756774,1,0.45710270208852455,9.815018673499553,0
6.129069365080136,5,0.6422330146749602,5.782484109836844,0
10.131227663450153,14,0.34460211307756183,7.937369357698638,0
14.501021724932139,18,0.9945851241265107,0.06811628137346037,0
27.426997726664744,10,0.11050809932879369,6.738552748065901,0
10.595090213106605,20,0.13857888876862057,9.009516806686923,0
79.75834238660359,15,0.8840307529632871,5.232447386504738,0
20.680760949531987,13,0.21912396728769779,8.396695248383008,0
10.645893883543742,15,0.061087761205577906,5.1848360361238885,0
63.464439926570776,1,0.8910345302961731,9.735799845310972,0
13.361403479866189,15,0.06241323454897507,1.3626499002598569,0
10.242526574438122,5,0.8597530329014188,9.273369399777788,0
80.8305154421692,15,0.5305593604284485,5.87381695225785,0
24.87845066218986,18,0.5343402351562699,8.913188220185273,0
171.2412151226699,22,0.1308739812867229,1.2547705492394723,0
5.847613298946616,7,0.6303645831615725,9.138201385937075,0
4.704804953565821,14,0.3703062141056802,4.923842597240747,0
26.38171979396352,3,0.362576699428408,4.575056055069233,0
137.35562559038436,20,0.697069143534757,5.696712839453086,0
9.824445713250483,20,0.8677919465508123,8.76024741716838,0
22.751532971569798,13,0.7313756611950802,8.344174554154721,0
11.529440172476034,18,0.6819026561078851,1.2424979626990318,0
13.347439864769969,17,0.8861234093859245,0.11870921021406189,0
33.51525634736671,18,0.9002501194279386,5.128976803280394,0
7.779462739708539,4,0.7363520482544587,9.902292296940129,0
3.9225888207964386,23,0.8203096804592906,5.0743307302186285,0
28.54912058070672,3,0.24131415597571004,1.4486494552408602,1
15.233940038064347,20,0.6812377236830992,4.34514867788093,0
49.461199134949105,23,0.4892006355169317,3.6857917200581714,0
54.24114804414399,22,0.8490743010738457,9.550386621831153,0
6.977343639979868,23,0.9609824230149326,9.499923478665774,0
16.313899393056882,19,0.2673011954486524,0.7199812291590191,0
34.44711206629434,1,0.6713655650902625,2.335356962932585,0
46.00727046084361,1,0.8548510358402697,4.580167895744275,0
86.07979500513078,8,0.6816290416895932,5.691158401171497,0
37.59680245887763,12,0.6881120312460768,1.8906777195069557,0
45.45737501803511,14,0.8175063536519387,5.851928917757311,0
47.381121256726566,1,0.7025645325918058,2.0364369738089714,0
117.37563141621082,0,0.8270399383807684,4.210354729758851,0
1.9076386247756736,14,0.9911853485170158,5.234526812551536,0
139.93481215007984,20,0.5440241625747156,9.752429955130161,0
23.553002667581048,8,0.6659328137290798,0.687435242077783,0
1.3961549458161566,15,0.6152240638122708,9.261108202888423,0
25.347018444601378,8,0.28193777596364866,1.3625889491253695,0
12.119510404512118,5,0.8332153016222008,0.9691735717328953,0
30.04390148350163,15,0.3862990087993051,2.9430235674478675,0
167.76252624293664,19,0.9547490297317612,5.634217393189219,0
5.325424565933283,17,0.8270105155520149,4.160059967568478,1
38.317269431081705,19,0.15502855296536733,5.223766902108703,1
28.48658573031621,21,0.05982019507459835,7.78808736579035,0
14.97373111875718,16,0.1401649994696339,8.307837819817367,0
6.28978353395313,17,0.778643178452988,9.623424409076812,0
26.25658065242783,1,0.7291597613077531,9.261787371066564,0
4.421410782081702,14,0.6022755889724496,1.9135702722494863,0
10.526470797466443,16,0.1813434590412888,7.161025737170482,0
9.643298400157715,8,0.4497682248302357,7.496122416433946,1
23.89537868630131,0,0.5352065326232378,4.786396255177442,0
7.301508657709024,12,0.9705114720029756,8.854090019533157,0
14.731759932597203,0,0.21861861821799677,7.582987631932529,0
25.764539514792478,3,0.3514755372903172,4.020684367074319,0
289.20017452983154,0,0.6426851736633439,4.219440988032489,0
3.701006860465292,8,0.21050396279269867,3.7395809761771903,0
43.94947197561695,7,0.17909716881222681,5.063358772212978,0
45.46650899976673,15,0.4422581844848458,7.318718422427915,0
23.602989230716048,11,0.5208498650774247,3.1779716786154024,0
7.761586388591728,7,0.68829570813324,2.2816750169358544,1
73.81736357973196,22,0.7602869497346273,0.34031150999454085,0
20.300896403208814,9,0.8688773798954198,7.970553567003983,0
28.91478112671128,22,0.3389103806370287,3.6224316263765477,0
8.03417685685204,9,0.5041054155491268,7.537607371185574,0
22.764631951566837,10,0.8633525308156795,1.1165262678348986,0
51.68417445802417,23,0.4633583551531778,5.320942603564948,0
33.969970491733605,0,0.13821886520257665,3.984808625118086,0
14.269909039737215,15,0.43542022136108405,4.744293260507517,0
45.79138671167828,15,0.7698662546789654,9.253447681999987,0
30.46982481565548,5,0.46940236612932174,0.6502307669692353,0
9.683260146343585,18,0.2450861823250965,4.199188773687441,1
4.872168234059979,1,0.9414285750609032,8.286859215122742,0
84.60006640045361,16,0.304708535027844,6.180894380123445,0
35.95135750967012,16,0.5193016430251514,9.828388821918036,0
175.6738518951388,16,0.3531451956187097,7.439293240762408,0
131.96794138411582,10,0.4169527226470373,0.9514979432061144,0
16.527576215039964,2,0.6433259567171729,3.779904506826023,0
27.10462285935685,12,0.4812105235429771,3.29015011013704,0
18.846814795866976,3,0.10214273224883708,4.906908399355711,0
5.8425129787471715,19,0.5086258873642063,6.214806006544889,0
104.39760257535625,15,0.29809128265504004,2.518627123546665,1
33.94672198156428,21,0.6309907812045887,6.2862578356043155,0
51.36874027113216,1,0.1816637902467486,2.6389681579932676,0
6.174979488695845,20,0.5819838259333929,1.2427667560584843,0
19.53100922274974,15,0.450021116568206,5.125282942588774,0
3.938034257004274,19,0.8081696377526886,4.881647431929707,0
17.819731448813084,5,0.33904924776768974,4.066174696595212,0
14.768303479208766,2,0.10005678650701355,5.317746215511282,0
7.884077230340562,3,0.08524519497308247,4.999345293489173,0
11.996783468234886,16,0.45040408701185974,5.846710283276739,0
79.04232801964326,4,0.5178401686888701,9.670393972870217,0
41.11467545896527,22,0.37514299823767217,7.064797017595379,0
21.29354288984932,13,0.7875154904645026,8.652076161084366,0
7.453730855240363,21,0.6652845361258626,4.9746150376415414,0
30.13248444020178,2,0.5654221755596084,6.924477898815499,0
3.987293254668288,22,0.6111443184062452,0.6483775716775031,1
5.1497731706617325,5,0.7634020065592482,8.136161233435672,0
89.44700764685795,0,0.6079412122532055,9.462081165122946,0
97.5723182630968,7,0.222745476995732,9.739099719187916,0
2.270777156502737,0,0.40614330441520696,1.8507113777899942,0
25.779243601983758,9,0.13615578800273287,9.646151874040937,0
153.98683873534816,2,0.8712840909007364,5.424875615685217,0
12.452505534606031,21,0.21860267856343452,8.541219757266974,0
26.48666062801414,12,0.6002563932360842,7.4992046813101005,0
10.91515420090884,18,0.053564311641347895,9.063105017622314,0
35.47693319431886,14,0.3177771108486067,6.148279588705003,0
7.192805575536848,8,0.8950047196923824,3.2651638456057617,0
28.339728337647525,1,0.7941989689977808,7.602864504983079,0
151.91678016267437,16,0.09303178259350442,2.8753106351686997,0
24.152786471873057,22,0.5580649218642694,2.663852492244221,0
13.101933195820692,7,0.3840507375679759,1.7101698307857927,0
6.085564308633817,1,0.13511380681721596,0.7732507032390978,0
24.3269973308403,5,0.8182941190112384,8.046758915185066,1
7.934904461487034,22,0.869908285355959,3.0216550734614476,0
5.70094070159149,17,0.5045748641567982,3.9825672424596226,0
5.268296879309817,12,0.18994828914625217,7.749313506833978,0
3.8875005348873866,0,0.4195151461495116,0.35669685291872866,0
15.388630385102903,9,0.032509747834338354,3.3068031942624163,0
94.6211168997129,2,0.7026288428050946,9.210867672993766,0
57.688119283741415,8,0.9032611241830703,2.03119507485215,0
45.4315757944556,21,0.015688343057873255,0.8349370450408355,0
9.47767301827858,12,0.6547938569895554,9.707124656287357,0
22.95873224996742,4,0.08894180436292531,6.7451923168019,0
14.714073048356259,5,0.2314200575871045,8.17998770129294,0
148.2914026661466,8,0.5353091653749623,1.628746331774884,0
6.877966196532128,11,0.3199048201119885,0.11327799219847945,0
3.8854615643452557,22,0.005885302114554403,5.608881125910815,0
5.099887773953447,16,0.9827539118171082,6.599560068208897,0
31.272333022644276,10,0.17118633953094042,2.237732619517867,0
9.571952338266973,14,0.5273396564622992,0.1888799618115733,0
10.910356333346515,1,0.5156375239515049,9.691558913278953,0
3.487257681627905,21,0.949506836178925,3.659401435330368,0
9.204430549209993,17,0.7706016258995442,7.18509580029063,0
42.35620167694252,23,0.5557603697785457,4.71821937684315,0
2.9691974799851892,13,0.7364041324316493,2.5689867277796985,0
11.934006270628851,5,0.8465427263899653,9.535148193951839,0
20.00072861455807,8,0.32342309836077654,5.506077619995252,0
38.29508419812969,1,0.12117133341642028,3.4028696788228805,0
11.478151322381423,16,0.8111534851299564,7.3646081951951,0
14.497321884350148,3,0.19135845715746524,6.2115321288299,0
61.62534354344981,9,0.3411752480010537,7.038733340538725,0
14.143612840803561,7,0.8813584419520438,8.302519004500342,0
60.29615841743067,5,0.6651094826777582,1.6249365603428667,0
359.835925773985,2,0.08693737711049199,0.6123121116392116,0
25.737552643182077,6,0.24332130778421912,4.627724651868787,0
6.531437991097899,9,0.15530780010277856,0.22404370367061777,1
34.861521042418424,16,0.031810794540802156,2.0977503780142825,0
62.39174165497089,23,0.21688860725337655,1.6564697772496695,0
9.599191298205588,23,0.6475968614078197,7.653483801765493,0
38.613053223830875,18,0.013951881797737542,7.833206226547458,0
2.6849132346174724,15,0.962421596625567,1.3328386429172068,0
53.13498718770894,0,0.23358922936567938,3.118218217158919,0
8.734250140172053,2,0.2918242620566909,7.100262346542472,0
3.2221682231002666,22,0.034816293863934145,2.029572490754604,0
11.711473757898508,17,0.06962416129532356,3.4785601562580193,0
70.3344148364278,6,0.9987365761288666,3.6726156587018965,0
18.91514814850119,4,0.3342191822258599,0.7191757538180976,0
16.20245687842236,12,0.6797126132024738,1.983935778936864,0
48.03482361219022,16,0.7509559480223339,2.1586241303895317,0
30.247969535683126,7,0.4935671895868594,7.301727527928369,0
11.193070153507946,12,0.4626597258703006,2.8810268477182555,0
19.278433429503515,2,0.3359358074544664,7.425278810083328,0
141.63990296895898,16,0.7019155045420984,5.166147150835737,0
20.721193987887634,10,0.5254431681143195,0.8074564567656239,0
23.656093007589494,18,0.4269026215495103,2.187038789039878,0
171.8770454221332,5,0.15167843279589566,0.44900150604240463,0
4.34595820497632,17,0.6676441769286903,9.656215142132288,0
40.65795595612554,12,0.4369422275466789,8.259567404667248,0
27.36389400772726,1,0.10429664911048542,2.684761789632102,0
15.955870994935564,21,0.34293527993320894,3.5207298781320464,0
54.945434315002,19,0.045662113722538256,7.0955750226005385,0
6.646518020305772,3,0.12324920492283409,4.564030507126288,0
15.10723559902284,17,0.9935713271487111,6.000740919158623,0
5.544056722230006,19,0.7913752935795163,0.2640041471271759,0
12.999707963999848,1,0.9877523711690995,9.246859870874832,0
9.405355983422252,21,0.9404920776140311,2.5851297447100006,0
49.14237109945559,17,0.9577411821423607,6.565546380490408,0
27.27744166900509,3,0.47876647231289615,9.49975764226412,0
7.292470681634497,7,0.6771015117103351,6.6059798790103885,0
22.141895833694903,23,0.012355185010429426,7.540603423636416,1
0.5052089761922965,21,0.3798509008433726,9.661117285758454,0
30.651885000602146,2,0.6753744807527117,6.7408605473953305,0
2.56610247351534,12,0.1538995852332229,5.06168283685321,0
39.27010035994123,1,0.8951321696183978,5.3113545089117515,0
13.173637503323501,8,0.10716699435765042,0.41684987074052215,0
151.59843551921244,8,0.837914729319277,0.8282696869340767,0
3.490171650540362,0,0.6152403451416874,5.602305849653835,0
37.65980637054209,8,0.8597725664380006,5.36629918939296,0
114.1494661486478,20,0.2239464738487592,5.076705367213288,0
12.349368094621672,15,0.6373422058182084,1.3955276390827154,0
22.730780043083744,10,0.2228814689997083,9.287510798014914,0
17.09322080871136,17,0.2614318689524118,9.077429102731392,0
29.52634846140367,6,0.11358899529376054,2.980859949176798,0
18.87160694104466,13,0.8542741543240626,4.014668682812264,0
10.11784924378042,0,0.8021364418911912,3.850345735210321,1
21.080471176840316,13,0.2815822971555826,2.2424441124538594,0
450.5418022093313,0,0.17971463709157554,3.3063394489805384,0
66.07801281568484,23,0.7983641715166088,9.939109299943027,0
7.661329249336365,13,0.4634693157020865,5.702930347718525,0
32.40013055547166,23,0.32791132651268406,8.987876378364938,0
1.8731935451485933,22,0.6814359907546259,7.322584823551282,0
12.306222196923198,23,0.38494406659973524,8.78032817076638,0
15.836756787360693,13,0.728050577016494,3.6573648433013553,0
32.67372840346124,22,0.20936061971751851,6.420180335642036,0
20.042028360488956,15,0.5679771262015857,3.7181116308856588,0
13.6679163998233,7,0.8748780475805682,8.174294591251845,0
22.31730340220091,1,0.8114043508452361,7.660240926006337,0
28.285156356423304,4,0.9435428371723714,7.80817376427792,0
63.78705905326679,5,0.021090204972914917,1.9616056454279729,0
28.51920952432229,23,0.9285000142538717,8.58087171198489,0
13.20131422087024,0,0.2404396180570353,9.979205696924478,0
7.4676150055640305,3,0.9444316510994469,8.303077319284085,0
12.139040337609433,6,0.2552212538638179,4.83002889765806,0
5.647639839825228,7,0.18720461960024792,3.054340599259766,0
17.73073739633594,4,0.6277305124149997,1.2990749834047666,0
10.829746266038276,5,0.7266822228234557,4.113492224871478,0
28.573447440663223,23,0.9621012691160791,2.6989576299149998,0
7.18622586895747,14,0.3011616112468487,4.320708111876011,0
159.238942535777,11,0.4520567502016173,0.5296184809359494,0
15.752916302626502,7,0.6047457861950595,2.935127276602948,0
156.51405744551988,7,0.8238110331724166,9.611672200897427,0
7.767025821164348,15,0.781555748159614,1.1942936509983781,0
23.850268506760585,14,0.9438061155402518,0.737958099867434,0
11.813343225968296,18,0.5419843658565601,6.893207196764186,0
54.62954613427781,2,0.8216935148858249,8.282306007154665,0
25.089596304567415,7,0.8034061266629864,0.9675849886383192,0
4.920066509801458,22,0.20694416824214013,9.569955575240064,0
30.662427537556955,15,0.34430738117105897,0.36784086059079235,0
40.515217121227984,17,0.19984309757621566,8.758592656479344,0
8.550659899543916,13,0.04218972221901174,8.308876180898366,0
19.05465736366084,17,0.8502091186380876,6.68397813152761,0
71.28670973798529,11,0.9019183679286347,6.33697787029474,0
13.082237987655137,11,0.42094350413909654,7.835674431967991,0
29.440229910574217,23,0.364893359462509,0.7795374041064806,0
3.2549272458805936,18,0.47071591947796465,3.770931761386932,0
278.47322933603766,16,0.6284111295406456,0.9209659442768336,0
24.59370630375932,13,0.9872510939847579,1.5434556824476209,0
7.78878340270848,17,0.8716001039906784,8.288263647595736,0
9.972981025836964,11,0.16253413170411501,7.018500579354756,0
1.56877805264424,7,0.8771416773470768,3.6697836778004342,0
32.71057704858689,22,0.48480034982790754,4.06143043267199,0
52.130841102914175,14,0.8051150974603108,6.776763804568374,0
351.5850994329133,21,0.8451024791219685,6.387940928284692,0
29.14084384908231,2,0.37820139713219036,4.874032430485613,0
24.629139397357992,22,0.028103912345277315,7.490342632396095,0
24.889235311045486,7,0.3648224749782939,2.0985015337804636,0
9.155172021264665,9,0.02998080719102847,3.0181678062225203,0
14.576866515548389,22,0.514020926583813,0.6482053585648739,0
12.602752962361686,8,0.9491616642332077,5.736579332170912,0
8.155854106012644,8,0.8851098776361328,7.594207332704129,0
23.17031323825261,12,0.3834786487482593,5.253750100137937,0
49.39426481301206,13,0.7565559972255028,3.672755759956421,0
3.820608357318587,21,0.730955622435074,1.996188350241701,1
19.808868515690378,1,0.577687836840686,5.600179698253447,0
42.65139052587852,12,0.7045488818907613,1.3747035820706044,0
28.59010324286961,0,0.9033590280160061,5.4246113886369915,0
32.32071726569752,10,0.28125453963147884,1.854013074685914,0
37.40705880493744,23,0.1756979372318992,0.9558785083219701,0
31.51871993403783,15,0.3217018694925978,9.649918476551147,0
4.398948972583711,16,0.6110062715159015,0.5940985409053867,0
38.903799478582,23,0.48253947183158996,8.822903257584267,0
11.039421673409054,23,0.6722792361074436,9.578598948162089,0
16.133533164398948,9,0.44566758889094604,6.938406442505974,0
30.812824227726892,4,0.6511902322925157,9.655660928524961,0
18.900117227836592,6,0.08869448611514508,7.580378313474471,0
7.11874211103535,11,0.4340271309640015,1.7980449979355284,0
51.4583947057467,15,0.6456525946708705,5.5791271075924165,0
7.920379815949195,15,0.29128059702608544,7.185211271025855,0
13.872775038381254,21,0.3230227876553817,5.9309616568213315,0
49.60922176997724,8,0.020272655487599378,4.2099800208005265,0
8.177267532855337,15,0.786691109253066,3.3025454338148186,0
102.47582707616274,11,0.48558095843182425,9.10207944830084,0
9.04264618661232,4,0.1665628101843456,8.476274486434301,0
11.525018755897847,8,0.6302982857550786,8.553468705264773,0
24.768105338251814,1,0.11945710672340026,3.8319184625901483,0
4.219973253968729,0,0.4649580149771566,4.3095215324243785,0
4.623758558171814,17,0.13470675382526553,9.752284283026098,0
148.5625273181107,18,0.6766293366929698,8.700804146678275,0
22.977372738121407,17,0.18913337301392874,6.6664035759984905,0
50.22282538875449,16,0.9538149906223186,3.0922053019334927,0
43.84987224314308,6,0.601636730630148,3.6413215133371226,0
23.384727180450028,20,0.022151520770842037,7.07149958062303,0
18.30949271014716,15,0.41979725702893844,0.4296773942694687,0
8.161019866709713,1,0.16046100004794528,9.21084401410578,0
78.3668643132089,14,0.6052043001777805,3.1518346483060258,0
12.52599586246341,19,0.7651968560716285,3.1687131509094058,0
11.780563963179368,18,0.3084504567729083,0.011696496059925288,0
1.4341782834794958,5,0.6755485730661684,6.603739856380676,0
86.05647595834667,2,0.8712407842666915,5.194693006591096,0
17.41694648956012,9,0.9053011737944281,4.826872746024458,0
9.270412529225457,11,0.12290149814342644,4.23037346527806,0
124.40366945754774,8,0.35506318536456505,2.9593233389076437,1
2.757091648307537,22,0.27300492478975147,4.232850113545999,0
5.729207437537005,13,0.5705829937117394,0.0494947174267657,0
5.249858501940414,2,0.8161180227531667,2.991919943257908,0
31.74919804046133,3,0.6439138560985389,9.256545318520033,0
21.355427151904646,1,0.9830230563204404,8.22738093039713,0
24.041073922750098,0,0.039505170354612096,6.309163806970709,0
54.77871704105856,17,0.19904600887067392,8.2831116334502,0
23.23141246423884,1,0.8513651731629365,5.422734611445168,0
22.621956143905354,21,0.39266678317851134,0.9526109004887207,0
2.5444794664905985,3,0.7787790252924641,4.612459686644796,0
27.24544313636013,3,0.9716768057927873,9.237755479027298,0
7.168013175226575,19,0.5902336062571057,0.6484635305061881,0
26.264557411818622,4,0.6659770423381406,7.365054896514554,0
30.96432243156203,8,0.3844873094963991,6.998710922495891,0
42.21267340435098,22,0.8992139646466628,3.2342594256671866,0
282.6952868287732,20,0.6703231479297181,8.666918203797106,0
105.18061703177396,0,0.6039675077313708,6.618827165580137,0
74.41262879085916,6,0.02763130479244469,2.18242582481094,0
10.185248311183996,13,0.49461642247274895,6.40137037241507,0
202.43164879335464,6,0.9950945974911862,8.277514804602257,0
29.44920389675179,11,0.4492268025296329,8.77200763836212,0
201.51512862327792,18,0.9570288292655226,9.49530632546811,0
41.731917791760644,4,0.9814354698548403,0.48429499790573205,0
1.4927418393891345,7,0.6463824309892028,1.5799093968720013,0
51.59423800827627,22,0.30009756728141324,1.7013883575679056,0
28.832851032273336,12,0.19547037665758138,2.3981852073481202,0
12.535411469639103,4,0.5461252738387068,6.848462921626394,0
33.74138346944191,14,0.10495916329388244,4.169307403484419,0
19.01877527503092,8,0.5060355304637959,1.2060946131246797,0
31.494034809446173,9,0.6577218974240407,9.747425429945785,0
13.65986903228672,13,0.43899012609822463,1.010753249712053,1
19.03491553038385,3,0.15044700821946966,8.809673392941411,0
12.077652701168262,6,0.8055228907363547,3.388915173920087,0
11.895662507513647,5,0.5411263982881529,1.233056752553251,0
22.71844464894542,2,0.2703761063252963,0.5242579022812022,0
38.65229614507939,1,0.01569052047036812,4.74276816334367,0
6.024740940498549,20,0.5441932015259089,4.13720658792135,0
14.659448954895892,22,0.767227449133818,4.877667460887222,0
16.630700181212624,13,0.36392590429497773,6.681636012425104,0
58.50300987889085,12,0.6610189978753598,2.7149259986532193,0
26.416585503612467,15,0.79568212721517,0.01544092320986623,0
6.054884888762209,12,0.46971636091121394,5.387943049886155,0
26.86065480833673,16,0.2701555679203165,0.5145460345468833,0
31.687765907979045,11,0.4138009705113993,8.174729724706653,0
43.618109356547905,17,0.7612188909352329,8.083941535875933,0
10.96693168052163,16,0.2184064470533703,1.2069790084326104,0
27.831406373740375,3,0.25518668721227045,9.526328999470287,0
23.533047635249105,13,0.35972734767324566,4.026634866319348,0
23.9853135565388,15,0.6275241800384888,5.5905763383659455,0
21.003378443380583,10,0.24077523965754644,7.50332973174852,0
174.46853588681626,23,0.49500777480540714,1.9015235088173443,0
218.37863797507026,3,0.6350351866210012,0.10699924706377928,0
57.72895542225565,9,0.5217452198374513,7.380987728348881,0
16.47872189089551,14,0.006725074560496425,7.9084094602797785,0
39.4956179012516,5,0.5002115151136057,6.595710216072034,0
16.764514986319167,11,0.35572695215496786,6.219465499501463,0
18.565046402729745,5,0.04583693740745576,9.023449473689487,0
13.234130203195681,2,0.9151814152774683,8.833227785528859,0
4.025633481156899,0,0.6494254036984601,0.9515528475165924,0
1.6992748967629527,7,0.9133755593506409,2.0186594060913143,0
12.404436158507103,15,0.30548582239158806,6.4347578982950395,0
9.826864739871345,21,0.9241194276008879,0.8091505290389855,0
9.57364370734487,4,0.4414476675321307,5.470691628941749,0
70.20763139917287,6,0.3233329365724156,1.3960054362253371,0
8.764755988103643,5,0.8416216164032551,9.45570353808529,0
5.8919946447724225,23,0.043762129287615026,3.90994468766419,0
61.08315606455768,20,0.7316437610147457,2.319419918345459,1
16.560084295034745,10,0.8644347489787635,7.557276160564406,0
10.297965372789035,9,0.8713335771418548,2.055581574435098,0
16.272033278348136,8,0.03175921494680445,8.558561468507715,0
49.28466355906133,20,0.8816321358848324,8.26617008899868,0
18.121741979879566,22,0.7152747775486262,2.5477539887504674,0
19.50498512889838,1,0.8454846536854972,3.3237027044140124,0
19.10048772624837,4,0.6673917138943711,0.3376385153178918,0
25.312653774624163,5,0.7490283176223107,2.990195253713974,0
10.64254841595712,19,0.6175211570463057,1.6331830695379401,0
3.709870437988403,12,0.4707485388714501,0.3561739032115807,0
24.272568591848174,13,0.9286499393380271,9.508722714208076,0
8.93678376158185,2,0.11047504868053781,9.421179396076102,0
26.750006126661617,11,0.06374936678141319,6.245323185471314,0
5.8002926840708575,8,0.6654283665009816,4.636961654880832,0
44.74824093435808,11,0.6735980085441381,4.690298162768178,0
9.462667694843963,21,0.8419048839802448,6.326589545472653,0
14.672978458822712,8,0.648541406052372,2.4633106927043213,0
7.839874671767313,18,0.08758696372798969,6.8710795713252235,0
55.365966977844074,14,0.879376276251512,0.266939223927688,0
30.381276210600824,9,0.0991262376459563,6.52300577144948,0
6.666518126426124,12,0.4494344234690244,5.186182597237852,0
192.77868178752396,10,0.6293572822112061,6.953521433586486,0
8.210396410745496,3,0.6323732984538271,6.125866868185915,0
8.266139235261837,5,0.44810619415703457,2.559003115895493,0
30.095723517911487,12,0.3305031869451185,5.375508452244072,1
70.93534912559205,18,0.3011383328694728,6.601498243809356,0
22.187388593615026,0,0.9734737308207672,0.1619420923148962,0
27.0598294353293,9,0.340055537252983,9.681000660675592,0
24.003961730451607,2,0.5812691950704241,3.7593196288315633,0
11.97387394546962,12,0.5787566207643472,2.7199248078874816,0
23.627947708486303,18,0.5708501736278042,7.128606497678646,1
61.54381547650897,12,0.6212180604128569,7.8842704551326905,0
97.57035479913156,0,0.26244579194680784,4.177926239361172,0
38.14659288747074,4,0.33858371567290746,6.050601775726692,0
59.36732842324978,13,0.0704666381554575,2.6414020979596287,1
38.15496843088409,8,0.5710125331022936,7.024131489823993,0
13.841046454635478,3,0.23889145703937997,4.974646352559239,0
50.01009105234755,1,0.17143409719476776,1.3949518745311706,0
5.668001537938537,20,0.8333870602101646,8.215057478219803,1
16.67901702044433,13,0.5818918504293581,8.998886548141819,0
130.58101778068058,2,0.5582998681037266,3.451009323636777,0
14.89754809426767,3,0.15600097539264557,3.713184484979081,0
21.90233157373035,12,0.4447944409504928,7.721065706596773,0
9.671811221521265,6,0.5551843018650797,8.562674715715035,0
6.958153297664537,14,0.43800834695908886,5.24874058419869,0
26.299684737077786,19,0.5338649491803056,8.648454395044906,0
23.60407703742108,3,0.014879863634653434,0.18343212465393832,0
78.64225142502997,15,0.19954101175245142,1.6482039258100323,0
4.404375067551835,11,0.2168482144754844,8.638276951511331,0
34.504335456444394,16,0.378127897905968,6.720221361208955,0
30.999426625638826,16,0.9407568637319026,6.4091640191449155,0
11.935846162750948,5,0.5412009364627544,6.556059326292617,0
44.19528752055984,18,0.25635736264398934,1.1082018401252591,0
4.452948799237644,11,0.7166863936020257,8.642068001033381,0
5.20026176405065,15,0.21881471806676978,0.9772628533571737,0
3.1805788908848234,2,0.15761291190147508,2.0448505202541734,0
12.800919373127655,11,0.2979066386819099,7.385840588272952,0
26.60041436486176,21,0.2927745612199564,2.393068435840464,0
26.04743258889702,19,0.42133604335857455,8.039734080644772,0
11.164589189841202,1,0.7143241785285244,7.264744360535328,0
107.70965428357792,0,0.5789367637708992,7.42267296926999,0
23.138052059858797,18,0.49251565266521957,4.230783997867481,0
2.992709266260014,4,0.9484913639274813,5.590331927139776,0
146.3566748271545,5,0.03225757650204042,4.471853962220202,0
112.84230534674674,14,0.4040086517063962,7.396297780826833,0
48.84921344392008,19,0.6848770203291087,1.2124905363726934,0
28.72973705287187,20,0.32041943791817673,4.545214492730997,0
23.493916637274076,15,0.47543384792952814,7.918419543060759,0
6.865667964760149,1,0.03008730087856437,2.203748670394712,0
22.733611660603756,21,0.20323579621461818,4.370191535407954,0
21.127231535537593,8,0.08156626520873822,2.910409739339166,0
26.340965073980428,7,0.970628149190951,4.474093697918029,0
12.398678219317892,3,0.7443778890931668,0.5042469836892882,0
3.330629000509086,4,0.6533478928096011,4.751989733475261,0
51.40457058932594,8,0.002116766170476625,4.066612390462848,0
17.440620509678293,20,0.46650132192879035,9.375123822442697,0
13.84990896944061,10,0.7080787297287515,2.539537971689434,0
31.515372116471408,22,0.6082819237243664,2.5904521060135566,0
59.79168285447983,22,0.5144119145249699,1.5056331519389854,0
9.440542920658535,23,0.8293431427919477,2.4969116989310014,1
36.48696962956871,6,0.3352147635842879,9.433754574725388,0
35.57068930829437,1,0.8388959278381053,6.274850489936453,0
32.62811985207752,23,0.38827807301673856,0.15588709420237268,0
29.47487759464811,22,0.5806238140104099,0.34434772735952746,0
36.35344994908312,22,0.5198386366669326,0.2698723653220858,0
20.073527752129333,20,0.41051437460654117,2.5307730895601277,0
44.27665547386191,1,0.26643568658012895,0.5755001801037507,0
20.62132013401655,11,0.4482971067535766,0.6707243729183177,0
100.66093247856487,16,0.12131033927634594,4.3781381425386705,0
79.02178117689809,5,0.3441375097355003,0.07676688737925819,0
74.54722689410929,0,0.579755752204407,0.16464441571519606,0
2.532033930615048,22,0.061707262450103495,6.198412287732328,1
10.244192886958391,8,0.7435584996705832,6.9765583895520935,0
143.97522669071438,9,0.567439753711337,9.648285093225834,0
4.230742403004619,21,0.9650096234423257,4.83762663035728,0
179.2627957487323,5,0.09090024271613417,5.681106783668524,0
30.523703300106646,0,0.22670724115559038,5.925247870118451,0
19.037446044037495,15,0.5381231520058009,7.482647050428955,0
10.93272730616191,9,0.48501445914228136,4.152957350602274,0
20.66782599225907,13,0.4983943758281496,9.850311210998264,0
19.1426517950665,13,0.34181944440262624,4.989566785138654,0
8.620320317792308,23,0.8660970785373734,1.2767861903815292,0
5.619510799150903,13,0.051326074898189966,7.476567087290639,0
5.545823176922151,12,0.8723176765344101,5.19488646205116,0
73.23843030153799,1,0.7762710258165474,6.500106374528503,0
38.96575407255279,19,0.7884737105350706,5.140953124606091,0
30.590157658179717,22,0.9103015061501125,6.507738942913174,0
7.244087351314006,1,0.5666716562978412,4.529461950901523,1
30.14709472214213,17,0.8658419847807958,3.9068494087949066,0
108.21325573491806,4,0.405112455666539,1.8886285181331397,0
13.940383462204641,3,0.6842763365283405,3.3172893069934926,0
17.038781449440116,6,0.3048055721002445,0.3756257930558915,0
31.546137401382076,3,0.8063949490961163,4.959420289649284,0
